BEGIN TRANSACTION;
CREATE TABLE IF NOT EXISTS `VENDEDOR` (
	`VENDEDOR_ID`	INTEGER NOT NULL,
	`NOMBRE`	TEXT,
	`PASS`	TEXT,
	CONSTRAINT `PK_VENDEDOR` PRIMARY KEY(`VENDEDOR_ID`)
);
INSERT INTO `VENDEDOR` (VENDEDOR_ID,NOMBRE,PASS) VALUES (1,'VENDEDOR','1234');
CREATE TABLE IF NOT EXISTS `TURNO` (
	`TURNO_ID`	INTEGER NOT NULL,
	`FECHA_HORA_INICIO`	TEXT NOT NULL,
	`FECHA_HORA_CIERRE`	TEXT,
	`VENDEDOR_ID`	INTEGER,
	CONSTRAINT `FK_REFERENCE_16` FOREIGN KEY(`VENDEDOR_ID`) REFERENCES `VENDEDOR`(`VENDEDOR_ID`),
	CONSTRAINT `PK_TURNO` PRIMARY KEY(`TURNO_ID`)
);
CREATE TABLE IF NOT EXISTS `SENIA` (
	`SENIA_ID`	INTEGER NOT NULL,
	`MONTO`	REAL NOT NULL DEFAULT 0,
	`FECHA_HORA`	TEXT NOT NULL,
	`ESTADO`	TEXT,
	`CLIENTE_ID`	INTEGER,
	CONSTRAINT `FK_REFERENCE_13` FOREIGN KEY(`CLIENTE_ID`) REFERENCES `CLIENTE`(`CLIENTE_ID`),
	CONSTRAINT `PK_SENIA` PRIMARY KEY(`SENIA_ID`)
);
CREATE TABLE IF NOT EXISTS `RUBRO` (
	`RUBRO_ID`	INTEGER NOT NULL,
	`NOMBRE`	TEXT NOT NULL,
	CONSTRAINT `PK_RUBRO` PRIMARY KEY(`RUBRO_ID`),
	CONSTRAINT `UTC_UNIQUE_RUBRO_RUBRO` UNIQUE(`NOMBRE`)
);
INSERT INTO `RUBRO` (RUBRO_ID,NOMBRE) VALUES (1,'REMERAS HOMBRE'),
 (3,'PANTALONES'),
 (4,'CAMPERAS'),
 (5,'SLIP'),
 (6,'BOXER'),
 (7,'PERFUME'),
 (8,'MEDIAS'),
 (9,'TIRADORES'),
 (10,'REMERAS MUJER'),
 (11,'CINTO HOMBRE'),
 (12,'BILLETERA'),
 (13,'RIÑONERA'),
 (15,'BOLSO'),
 (16,'MOCHILA'),
 (17,'PANTALON HOMBR'),
 (18,'MALLA HOMBRE'),
 (19,'MUSCULOSA HOMB'),
 (20,'CAMISAS HOMBRE'),
 (21,'ROMPEVIENTO HO'),
 (22,'BERMUDA HOMBRE'),
 (23,'JOGER'),
 (24,'TOP MUJER'),
 (25,'JARDINERO'),
 (26,'VESTIDO'),
 (27,'ACCESORIOS'),
 (29,'BABUCHA'),
 (30,'BLAZER'),
 (32,'BLUSA'),
 (33,'BOMBACHA'),
 (34,'CALZA'),
 (35,'CAMISA MUJER'),
 (36,'CAPRI'),
 (37,'CONJUNTO'),
 (38,'CAMPERA MUJER'),
 (39,'CORPIÑO'),
 (40,'JEAN MUJER'),
 (41,'KIMONO'),
 (42,'MALLA MUJER'),
 (43,'MEDIAS MUJE'),
 (45,'MUSCULOSA MUJE'),
 (46,'PALAZO'),
 (47,'PANTALON MUJER'),
 (48,'PESCADOR'),
 (49,'POLLERA'),
 (50,'SACO MUJER'),
 (51,'SHORT MUJER'),
 (52,'SOQUETE MUJER'),
 (53,'SURTIDO'),
 (54,'TORRERITA'),
 (55,'BODY'),
 (56,'SUETER'),
 (57,'BAHIANO'),
 (58,'SUDADERA'),
 (59,'PIJAMA'),
 (60,'TORERITA'),
 (61,'CANCAN'),
 (62,'GORRAS');
CREATE TABLE IF NOT EXISTS `RETIRO_ITEM` (
	`RETIRO_ITEM_ID`	INTEGER NOT NULL,
	`CANTIDAD`	INTEGER NOT NULL DEFAULT 1,
	`DETALLE`	TEXT NOT NULL,
	`FECHA_HORA`	TEXT NOT NULL,
	`ESTADO`	TEXT NOT NULL,
	CONSTRAINT `CHK_CANTIDAD_POSITIVA_RETIRO_ITEM` CHECK(cantidad>0),
	CONSTRAINT `PK_RETIRO_ITEM` PRIMARY KEY(`RETIRO_ITEM_ID`)
);
CREATE TABLE IF NOT EXISTS `RESUMEN_CAJA_DIARIO` (
	`RESUMEN_ID`	INTEGER NOT NULL,
	`CAJA_INICIAL`	REAL NOT NULL,
	`CIERRE_DE_CAJA`	REAL NOT NULL,
	`EGRESO_DUENIO`	INTEGER NOT NULL DEFAULT 0,
	CONSTRAINT `PK_RESUMEN_CAJA_DIARIO` PRIMARY KEY(`RESUMEN_ID`)
);
CREATE TABLE IF NOT EXISTS `READ_ARTICULOS_PROCESED` (
	`CODIGO`	TEXT,
	`RUBRO`	TEXT,
	`DESCRIPCION`	TEXT,
	`MARCA`	TEXT,
	`PRECIO_LISTA`	TEXT,
	`PRECIO_COSTO`	TEXT,
	`STOCK`	TEXT
);
INSERT INTO `READ_ARTICULOS_PROCESED` (CODIGO,RUBRO,DESCRIPCION,MARCA,PRECIO_LISTA,PRECIO_COSTO,STOCK) VALUES ('ZH2932047942','22','BERMUDA JEAN SILSAN TALLE 42','3','1300','550','1'),
 ('ZH2932030828','22','BERMUDA JEAN NIESTE TALLE 28','3','1300','500','1'),
 ('ZH2932030832','22','BERMUDA JEAN NIESTE TALLE 32','3','1300','500','1'),
 ('ZH18720308S','20','CAMISA LUCARD TALLE S CELESTE','3','1350','600','1'),
 ('ZH18720404S','20','CAMISA LUCARD TALLE S AZUL','3','1350','600','1'),
 ('ZH2721180036','17','JEAN SUARET TALLE 36','3','1450','700','2'),
 ('CF2835030234','22','BERMUDA ALGODÓN MARBEL NEGRAS TALLE 34','4','950','500','1'),
 ('CF2835030230','22','BERMUDA ALGODÓN MARBEL NEGRAS TALLE 30','4','950','500','1'),
 ('CF2835030236','22','BERMUDA ALGODÓN MARBEL NEGRAS TALLE 36','4','950','500','1'),
 ('8507180120365','17','JEAN NEGRO TALLE 28','2','950','500','1'),
 ('1030057909833','17','PANTALON DE VESTIR NEGRO CORTE CHINO TALLE 34','8','1200','550','1'),
 ('3734608310564','17','PANTALON DE VESTIR NEGRO CORTE CHINO TALLE 36 AZUL','8','1200','550','2'),
 ('3090543124988','17','PANTALON DE VESTIR NEGRO CORTE CHINO TALLE 36 NEGR','8','1200','550','1'),
 ('1379826030768','17','PANTALON DE VESTIR NEGRO CORTE CHINO TALLE 38','8','1200','550','4'),
 ('6269496378824','17','PANTALON DE VESTIR NEGRO CORTE CHINO TALLE 40','8','1200','550','3'),
 ('3936443586030','20','CAMISA DE HOMBRE','9','800','250','8'),
 ('5242390068658','18','MALLA ESTAMPADA TALLE 38','3','990','550','1'),
 ('9150245385798','18','MALLA ESTAMPADA TALLE 36','4','990','550','1'),
 ('1472973984004','19','MUSCULOSA BLANCA','6','450','225','1'),
 ('1850363973119','24','TOP BLANCO CON VUELO','10','450','200','1'),
 ('9474626026170','25','JUMPER ROJO DE BENGALINA','11','700','300','1'),
 ('9167601133214','25','JARDINERO CAMUFLADO','12','800','350','1'),
 ('7727521565643','26','VESTIDO FLOREADO','2','650','300','2'),
 ('8299739362646','26','VESTIDO LARGO BORDADO BLANCO','13','800','500','1'),
 ('5378389646603','26','VESTIDO LARGO BORDADO CELESTE','13','800','500','1'),
 ('4252549264474','26','VESTIDO DE FIESTA BLANCO','13','990','500','1'),
 ('6203809292841','26','VESTIDO NEGRO','13','1260','550','1'),
 ('4118779065598','26','VESTIDO ALGODÓN A RAYAS','16','600','300','1'),
 ('9561506647249','26','VESTIDO ESTRELLA NEGRO CON VOLADO','13','600','300','1'),
 ('7126874073551','26','VESTIDO DE ALGODÓN','13','600','300','1'),
 ('4954729851923','26','VESTIDO DE ALGODÓN NEGRO','42','600','300','1'),
 ('4565214204829','26','VESTIDO DE FIESTA BLANCO','15','500','250','1'),
 ('4487909209653','26','VESTIDO DE ALGODÓN','2','600','300','1'),
 ('3619678663157','26','VESTIDO NEGRO DE FIESTA','2','750','300','1'),
 ('3957000909734','26','VESTIDO BORDADO','24','1100','500','1'),
 ('7095663953582','26','MONO DE FIESTA NEGRO CORTO','13','950','400','1'),
 ('3875936870600','26','MONO LARGO NEGRO','2','1300','600','1'),
 ('1588386060089','26','VESTIDO FIESTA CON BRILLO','13','450','400','1'),
 ('9896250351525','26','VESTIDO LARGO ROJO CON PIEDRAS','2','850','400','1'),
 ('1520027463781','26','VESTIDO ROJO DE FIESTA','2','650','300','1'),
 ('3585839833465','37','TRAJE POLLERA Y CHAQUETA ROJO','2','1200','600','1'),
 ('4750231446530','26','VESTIDO ROJO','18','800','350','1'),
 ('5351981657345','26','VESTIDO CORTO ESTAMPADO','13','600','300','1'),
 ('2636844926602','41','KIMONO MOSTAZA','35','900','300','1'),
 ('1876142611546','37','CONJUNTO KIMONO REMERA','35','900','300','1'),
 ('5736190279159','41','KIMONO FLOREADO AMARILLO','2','800','150','1'),
 ('3068282727241','41','KIMONO FLOREADO NEGRO','2','800','150','1'),
 ('6893099238874','26','VESTIDO VERDE LARGO DE FIESTA','2','1200','600','1'),
 ('2971273553297','26','VESTIDO DE FIESTA SALMON','2','800','400','1'),
 ('8548017585360','26','MONO CORTO AZUL BORDADO','44','800','350','1'),
 ('3624417739314','26','VESTIDO FLOREADO','27','600','300','1'),
 ('3075673585717','26','VESTIDO ALGODÓN GRIS','13','600','300','1'),
 ('9011999685056','26','VESTIDO ALGODÓN GRIS','2','600','300','1'),
 ('7094006197928','26','VESTIDO FLOREADO FIBRANA','2','650','250','1'),
 ('6896689681715','26','VESTIDO CORTO ESTAMPADO','13','600','300','1'),
 ('1997011262772','26','VESTIDO NEGRO DE MORLEY','13','650','300','1'),
 ('2236115333339','26','POLLERA LARGA','2','600','300','1'),
 ('7274240723835','26','VESTIDO VERDE CORTO','24','820','400','1'),
 ('7688640146017','55','BODY ROJO CON ARGOLLA','2','520','200','1'),
 ('3457961374799','55','BODY SALMON','2','520','200','1'),
 ('7722527232209','55','BODY NEGRO CON LENTEJUELA','2','590','200','1'),
 ('4454993491318','55','BODY BLANCO CON RAYA ROJO','2','550','200','1'),
 ('4730150891673','55','BODY BLANCO CON RAYA BLANCO','2','550','200','1'),
 ('9429115516212','24','TOP ROJO RAYADO','2','400','200','1'),
 ('6057996004677','24','TOP CREPE VOLADOS FRENTE NEGRO','34','350','150','1'),
 ('1039800','32','BLUSA MUPPETS','18','450','200','1'),
 ('2209910938740','24','TOP ROJO CON PERLA','2','350','150','1'),
 ('9228857074277','24','TOP ROJO CON TUL','2','400','200','1'),
 ('9618477793366','24','TOP VERDE','2','350','150','1'),
 ('8978560290693','24','TOP NEGRO CON LAZO','2','350','150','1'),
 ('8645359952253','24','TOP NEGRO CON VOLADO','2','450','200','2'),
 ('9229856990117','24','TOP NEGRO CIERRE ESPALDA','2','850','400','1'),
 ('5985561826014','27','GORRA ROJA DAMA','2','400','200','1'),
 ('3565822020669','27','PERFUME PARA ROPA','2','400','200','2'),
 ('8432887468871','27','DOSIFICADOR AMBIENTE','2','250','100','2'),
 ('2047860','24','TOP SABRINA','18','450','200','1'),
 ('8328949189856','24','TOP NEGRO CON TACHA','2','440','200','1'),
 ('2978728026788','24','TOP NEGRO MORLEY','2','250','100','1'),
 ('9828929702116','24','TOP BLANCO POLERA','2','400','200','1'),
 ('3692762488874','24','TOP ELASTISADO ROJO','2','400','200','1'),
 ('2336514139683','24','TOP ELASTISADO BLANCO','2','400','200','1'),
 ('6456194844991','24','TOP ELASTICO BLANCO CUERDA','12','400','200','1'),
 ('9522031739571','24','TOP CON FRUNCE NEGRO','2','350','200','1'),
 ('8671128789324','24','TOP CON FRUNCE BLANCO','2','350','200','1'),
 ('8058630493862','24','TOP FLOREADO ROJO','2','400','200','1'),
 ('1261826584221','32','BLUSA ROSA','2','450','200','1'),
 ('9191933520527','24','TOP ROSA','2','490','250','1'),
 ('8833340642584','32','BLUSA ROSA ESTRELLA','2','450','200','1'),
 ('9528265144877','24','TOP ROSA CON PUNTILLA','2','640','300','1'),
 ('8993687997805','24','TOP ROSA DE ENCAJE','2','450','200','1'),
 ('7260710005624','32','BLUSA AMARILLA','2','450','200','1'),
 ('7119420193766','32','BLUSA BLANCA CON VOLADOS','2','650','300','1'),
 ('2047150','45','MUSCULOSA MIMOSA','18','400','200','1'),
 ('6351267967921','22','BERMUDA JEAN CON ROTURA TALLE 28','2','800','350','1'),
 ('7825464884927','22','BERMUDA JEAN CON ROTURA TALLE 34','2','800','350','1'),
 ('6903838799044','22','BERMUDA JEAN CON ROTURA TALLE 46','2','800','350','1'),
 ('4142670368076','22','BERMUDA GABARDINA ELASTIZADA CORAL TALLE 31','32','1100','400','1'),
 ('5054772841212','22','BERMUDA GABARDINA ELASTIZADA ROJO TALLE 32','32','1100','400','1'),
 ('4883803077006','22','BERMUDA GABARDINA ELASTIZADA CORAL TALLE 34','32','1100','400','1'),
 ('3523458322281','22','BERMUDA GABARDINA ELASTIZADA BEIGE TALLE 31','32','1100','400','1'),
 ('1472192360559','22','BERMUDA GABARDINA ELASTIZADA VERDE MILITA TALLE 36','32','1100','400','1'),
 ('3152501072806','22','BERMUDA GABARDINA ELASTIZADA VERDE MANZAN TALLE 36','32','1100','400','1'),
 ('4989314899585','22','BERMUDA GABARDINA ELASTIZADA CRUDO TALLE 52','32','1100','400','1'),
 ('2593271716148','22','BERMUDA GABARDINA ELASTIZADA AZUL ELCTRIC TALLE 34','32','1100','400','1'),
 ('7673153124836','22','BERMUDA GABARDINA ELASTIZADA VERDE TALLE 52','32','1100','400','1'),
 ('9573800978905','22','BERMUDA GABARDINA ELASTIZADA GRIS TALLE 52','32','1100','400','1'),
 ('8186589627493','22','BERMUDA GABARDINA ELASTIZADA AZUL TALLE 52','32','1100','400','1'),
 ('3860008075229','22','BERMUDA CAMUFLADA TALLE 32','32','1200','450','2'),
 ('7569260790555','22','BERMUDA CAMUFLADA TALLE 34','32','1200','450','1'),
 ('5975579901544','22','BERMUDA CAMUFLADA TALLE 30','32','1200','450','3'),
 ('9197114141987','22','BERMUDA CAMUFLADA TALLE 36','32','1200','450','1'),
 ('9203226530806','22','BERMUDA CAMUFLADA TALLE 50','32','1200','450','1'),
 ('5500142020256','22','BERMUDA CAMUFLADA TALLE 52','32','1200','450','1'),
 ('2990382026935','22','BERMUDA CAMUFLADA TALLE 38','32','1200','450','2'),
 ('1121184941107','37','CONJUNTO PANTALON Y TOP DE FIBRANA RAYADO','14','750','350','1'),
 ('3109208072516','37','CONJUNTO PANTALON Y TOP DE FIBRANA FLOREADO ROSA','14','750','350','1'),
 ('8715118577093','37','CONJUNTO PANTALON Y TOP DE FIBRANA FLOREADO BLANCO','14','750','350','1'),
 ('1277907333299','32','BLUSA BLANCA CON BRODERY','2','590','300','1'),
 ('5811818583983','45','MUSCULOSA BEACH','13','350','150','1'),
 ('9749607677680','32','BLUSA BLANCA CON AZUL','2','570','300','1'),
 ('4477659705680','26','VESTIDO FIESTA BLANCO CORTO','2','690','200','1'),
 ('2279877534750','26','VESTIDO DE FIESTA NEGRO Y BEIGE','13','600','300','2'),
 ('7810457623546','24','TOP BLANCO CON TIRAS NEGRAS','35','400','200','1'),
 ('7930368005924','32','BLUSA RAYADA','35','500','250','1'),
 ('9206994552261','26','VESTIDO DE FIESTA','15','990','450','7'),
 ('7316663336923','32','BLUSA BORDADA EN ESPALDA','32','790','350','3'),
 ('5148388852158','32','BLUSA FUCHSIA','34','450','200','1'),
 ('1612258297041','32','BLUSA SIN MANGA NEGRA','2','400','200','1'),
 ('8994710194277','26','VESTIDO FIBRANA TALLE ESPECIAL','44','800','350','6'),
 ('2930508593835','32','BLUSA SIN MARGA BLANCA CON BRODERY','2','550','250','1'),
 ('8074676633246','32','BLUSA BLANCA CON CHARRETERA','2','700','300','1'),
 ('6159949578010','10','REMERA CON HOMBRERA','2','500','250','1'),
 ('7456777671210','35','CAMISA DE JEAN','6','800','300','1'),
 ('4298136686816','45','MUSCULOSA FIBRANA ESTAMPADA TURQUESA','2','350','200','1'),
 ('6713414665515','32','BLUSA CELESTE BORDADA CON BRODERY','24','700','500','1'),
 ('8644012537424','45','MUSCULOSA ESTAMPADA FLOREADA MARRON','13','500','250','1'),
 ('8729952973522','32','BLUSA VERDE CON HOJAS','40','500','250','1'),
 ('5300404512211','45','MUSCULOSA DE VESTIR VERDE','17','400','200','1'),
 ('8736957117707','45','MUSCULOSA DE VESTIR MARRON','17','400','200','1'),
 ('7516276836074','26','VESTIDO DE FIESTA BLANCO','2','800','300','6'),
 ('9761917538659','35','CAMISA DE SEDA VIOLETA','2','500','250','1'),
 ('2941934276117','32','BLUSA MANGAS LARGAS COLOR NEW BUFANDA EN CUELLO','24','590','300','1'),
 ('6842263341919','32','BLUSA MANGAS LARGAS COLOR NEW BORDADA','24','900','450','1'),
 ('5225422524902','32','BLUSA TALLE ESPECIAL BLANCA','2','500','300','1'),
 ('6835217318549','35','CAMISA ROSA GATITO','32','1140','700','1'),
 ('7653186908498','32','BLUSA ROSA CON BOTON EN ESPALDA','2','500','300','1'),
 ('6617304134221','32','BLUSA ROSA ENCAJE ESPALDA','15','690','300','1'),
 ('6338606383550','32','BLUSA ROSA VOLADO','24','690','350','1'),
 ('1095115579328','32','BLUSA RAYADA ROSA','33','500','200','1'),
 ('8170867624403','32','BLUSA CON PONPON','32','750','350','1'),
 ('9893176580718','10','REMERA MANGAS LARGAS FLOREADA','21','550','200','1'),
 ('9901696446589','35','CAMISA CON BRODERY BLANCO','24','850','450','1'),
 ('4642177635065','35','CAMISA CON BRODERY ROSA RAYADA','24','850','450','1'),
 ('9386964058303','32','BLUSA FLOREADA SEMITRANSPARENTE','2','400','200','1'),
 ('5552104726003','32','BLUSA CON MUSCULOSA','24','1350','700','1'),
 ('4310191154946','45','MUSCULOSA BEIGE BORDADA','30','400','200','1'),
 ('5821132390839','10','REMERA MANGAS LARGAS CON LAZO Y CUELLO','15','700','300','1'),
 ('2788578751736','10','REMERA MANGAS LARGAS','15','700','300','1'),
 ('4621079594137','32','BLUSA NEGRA CON BLANCO','24','580','300','1'),
 ('4464636410989','10','REMERA AFRICA NEGRA','13','500','300','1'),
 ('6853998760081','10','REMERA GRIS CON ESTAMPA','2','400','200','1'),
 ('2659969844958','10','REMERA NEGRA CON VOLADOS 3/4','24','650','300','1'),
 ('1127568283344','32','BLUSA SIN MANGA RAYADA','2','600','200','1'),
 ('8433702116694','32','BLUSA NEGRA ESTAMPADA','40','500','200','1'),
 ('1187100012','35','CAMISOLA NORT NEGRA','13','660','300','1'),
 ('3549183081323','32','BLUSA NEGRA ABIERTA EN ESPALDA','15','650','300','1'),
 ('8776672154083','32','BLUSA TALLES ESPECIALES','32','850','350','23'),
 ('9688308800686','45','MUSCULOSA VOLADO NEGRO','24','650','300','1'),
 ('4762326368559','32','BLUSA SIN MANGA BORDO','6','400','200','1'),
 ('6099961476706','32','BLUSA SIN MANGA NEGRA','6','400','200','1'),
 ('3263348347221','35','CAMISOLA CON ESTRELLA','6','450','200','1'),
 ('9790022651779','35','CAMISOLA CON LUNARES','6','450','200','1'),
 ('2024252213016','32','BLUSA FRUSADA FLOREADA','15','700','350','1'),
 ('3224389171862','32','BLUSA ROJA CON TACHA','24','1100','600','1'),
 ('2970054193752','32','BLUSA ROJA CON ENCAJE','24','790','400','1'),
 ('3210190526380','35','CAMISA BLANCA SIN CUELLO','15','650','300','1'),
 ('2196878343818','32','CAMISA VOLADO PECHERA','15','650','300','1'),
 ('5765776303681','32','BLUSA MANGAS LARGAS BRODERY CUELLOS Y MANGAS','15','650','300','1'),
 ('1735084262691','32','BLUSA DE ENCAJE BLANCA MANGAS LARGAS','24','890','400','1'),
 ('8802815838975','35','CAMISA BLANCA 3/4 TALLE M','24','850','400','1'),
 ('2514133213339','35','CAMISA BLANCA 3/4 TALLE XL','24','850','400','1'),
 ('1040207993599','32','BLUSA BLANCA DE ENCAJE','24','840','400','1'),
 ('9848227659295','32','BLUSA BLANCA CON LENTEJUELA','24','800','400','1'),
 ('4115184972374','10','REMERA DE HILO BEIGE','32','750','350','1'),
 ('9634457425348','10','REMERA DE HILO BLANCO','32','750','350','1'),
 ('1007108884746','32','BLUSA BLANCA CON BRODERY','32','800','350','1'),
 ('9658390257132','32','BLUSA SIN MANGA BEIGE','13','400','200','1'),
 ('1968413969569','32','BLUSA SIN MANGA ROJA','2','500','200','1'),
 ('7578024301685','32','BLUSA SIN MANGA BLANCA FIBRANA','2','500','200','1'),
 ('8748075383704','32','BLUSA SIN MANGA BLANCA SEDA','2','500','200','1'),
 ('1039960','32','BLUSA BREAKING','18','690','300','1'),
 ('9803921299512','32','BLUSA MOSTAZA CON PERLAS MANGAS LARGAS','2','450','200','1'),
 ('7397017591038','32','BLUSA BLANCA CON BRODERY','2','780','300','1'),
 ('3469855268367','32','BLUSA ROJA CON ENCAJE SIN MANGA','2','600','200','1'),
 ('9820141461260','32','BLUSA FLOREADA CON PECHERA','13','450','200','1'),
 ('5254373687343','32','BLUSA CON TACHA','13','730','300','1'),
 ('4502726749837','32','BLUSA NEGRA BORDADA FLORE','15','750','350','1'),
 ('4225101139718','32','BLUSA FIBRANA ESTAMPADA AZUL','2','450','150','1'),
 ('6681424309470','32','BLUSA FIBRANA ESTAMPADA VERDE','2','450','150','1'),
 ('9000321421400','32','BLUSIA DOBLE FUCHSIA','2','500','300','1'),
 ('5005960052453','32','BLUSA INCAICA NARANJA','2','600','200','1'),
 ('ZN2951221216','1','REMERA MATWEC TALLE 16','3','500','250','1'),
 ('ZN2951040216','1','REMERA SILA TALLE 16','3','500','250','1'),
 ('CJ2851040112','1','REMERA CIRCUS TALLE 12','4','500','250','1'),
 ('ZN2951110210','1','REMERA PXA TALLE 10','3','500','250','1'),
 ('ZH19511002M','1','REMERA ADOMA TALLE M','3','600','300','1'),
 ('ZH195117013XL','1','REMERA OCEAN TALLE 3XL','3','620','300','1'),
 ('ZH18513401L','1','REMERA BLIPU TALLE L','3','450','200','1'),
 ('CF27512308XXL','1','REMERA DIAMOND TALLE XXL','4','600','200','1'),
 ('ZH19512801XXL','1','REMERA PRESCA TALLE XXL','3','600','300','1'),
 ('CF28515704XXL','1','REMERA SIMPLE TALLE XXL','4','550','250','1'),
 ('ZH29514310XXL','1','REMERA BIGPIG TALLE XXL','3','550','250','1'),
 ('CF18510508XXL','1','REMERA BLUE TALLE XXL','4','800','350','2'),
 ('ZH29512421XXL','1','REMERA PUNK TALLE XXL','3','550','250','1'),
 ('ZH18510110XXL','1','REMERA YANT TALLE XXL','3','600','300','1'),
 ('ZH18510113XL','1','REMERA YANT TALLE XL','3','600','300','1'),
 ('ZH17515001XL','1','REMERA FIBER TALLE XL','3','500','250','1'),
 ('CF27518701XL','1','REMERA V-NECK REM MC TALLE XL','4','550','200','1'),
 ('CF28514609XL','1','REMERA ROASH TALLE XL','4','600','300','1'),
 ('ZH18510402M','1','REMERA PAOLI TALLE M','3','600','300','1'),
 ('2750269220418','1','REMERAS PROMO HOMBRE','2','450','200','36'),
 ('ZH17515005M','1','REMERA FIBER TALLE M','3','550','225','1'),
 ('CF19511114M','4','REMERA CIVIC TALLE M','4','590','225','1'),
 ('CF27514806M','1','REMERA FASES TALLE M','4','600','300','1'),
 ('CF28517604M','1','REMERA LUPAI TALLE M','4','600','300','1'),
 ('CF28514404M','1','REMERA FISH TALLE M','4','590','300','1'),
 ('CF18510187M','1','REMERA DEVOR TALLE M','4','600','300','1'),
 ('CF28518621M','1','REMERA CIRCUS TALLE M','4','600','300','1'),
 ('ZH19511001M','1','REMERA ADOMA TALLE M','3','620','300','1'),
 ('ZH18510106L','1','REMERA YANT TALLE L','3','700','300','2'),
 ('ZH29512612S','1','REMERA BLUES TALLE S','3','550','250','1'),
 ('CF28517512S','1','REMERA SWEEPER TALLE S','4','600','300','1'),
 ('CF18511804S','1','REMERA DEVIS TALLE S','4','450','200','1'),
 ('CF28515001S','1','REMERA FRY TALLE S','4','590','300','1'),
 ('CF28513101S','1','REMERA WAVE TALLE S','4','700','300','1'),
 ('CF17512201S','1','REMERA VOXED TALLE S','4','500','200','1'),
 ('ZN2951010412','1','REMERA CANIMAC TALLE 12','3','600','300','1'),
 ('ZH29516201XL','1','REMERA RAZER TALLE XL','3','550','250','1'),
 ('ZH18513406XL','1','REMERA BLIPU TALLE XL','3','450','200','1'),
 ('CF185107¡MXL','1','REMERA ABLE TALLE XL','4','800','300','0'),
 ('CF28514010XL','1','REMERA CASUAL TALLE XL','4','550','200','1'),
 ('CF19512109XL','1','REMERA ATUN TALLE XL','4','650','300','1'),
 ('ZH18510110XL','1','REMERA YANT TALLE XL','3','600','300','1'),
 ('CF28518108XL','1','REMERA LAND TALLE XL','4','620','300','1'),
 ('CF28510707L','1','REMERA NAT TALLE L','4','800','400','1'),
 ('CF27518702L','1','REMERA V-NECK TALLE L','4','550','250','1'),
 ('ZH18510113L','1','REMERA YANT TALLE L','3','600','300','1'),
 ('ZH18510507L','1','REMERA COSMOS TALLE L','3','600','300','1'),
 ('CF18514001L','1','REMERA FAR TALLE L','4','600','300','1'),
 ('CF18512509L','1','REMERA COLA TALLE L','4','450','200','1'),
 ('CF18510508L','1','REMERA BLUE TALLE L','4','800','400','1'),
 ('CF18510394L','1','REMERA ROTA TALLE L','4','500','200','11'),
 ('ZH19511002L','1','REMERA ADOMA TALLE L','3','590','300','1'),
 ('ZH29517607L','1','REMERA FLANNING TALLE L','3','550','250','1'),
 ('9556900603212','27','AROS','2','150','50','6'),
 ('2045240','41','KIMONO COLOR CRUDO','35','900','450','1'),
 ('2493052705647','27','PULSERAS CON PERLAS','2','250','100','13'),
 ('ZH07030200M','6','BOXER JURT TALLE M POR 2','3','450','200','1'),
 ('ZH07030200S5','6','BOXER JURT TALLE S POR 2','3','450','200','3'),
 ('CF08030102SP','6','BOXER STRIPE TALLE S POR 2','4','450','200','1'),
 ('ZH00020021XXL','6','BOXER LASTIC TALLE XXL','3','350','180','1'),
 ('ZH00020021L','6','BOXER LASTIC TALLE L','3','350','180','1'),
 ('ZH000200213XL','6','BOXER LASTIC TALLE 3XL','3','350','180','1'),
 ('ZH00020021M','6','BOXER LASTIC TALLE M','3','350','180','1'),
 ('ZH00020021XL','6','BOXER LASTIC TALLE XL','3','350','180','1'),
 ('ZH00020002S','6','BOXER LASTIC TALLE S','3','350','180','2'),
 ('7798014750266','7','PERFUME NET 100','6','600','300','1'),
 ('7798014751683','7','PERFUME INDIGO 100','6','600','300','3'),
 ('5761696719922','8','SOQUETES DE HOMBRE','7','120','60','11'),
 ('6970610226180','8','MEDIA SOQUETES POR 3','2','250','100','1'),
 ('6526225490593','8','SOQUETES LISO HOMBRE','2','100','50','10'),
 ('CF07020100U','8','MEDIAS LARGAS POR DOS','4','360','150','1'),
 ('CF07020200U','8','SOQUETES HOMBRE POR DOS','4','350','150','2'),
 ('ZH07020200U','8','SOQUETE INVISIBLE HOMBRE POR DOS','3','300','150','2'),
 ('CF07020302U','8','SOQUETE INVISIBLE HOMBRE POR DOS','4','300','150','1'),
 ('9501872092304','9','TIRADORES HOMBRE','2','280','100','5'),
 ('4227369363492','27','MOÑO DE HOMBRE','2','210','100','3'),
 ('ZH08010103100','11','CINTO SOCRAT MARRON 100','3','500','250','1'),
 ('CF0801530395','11','CINTO TRIGAN MARRON 95','4','500','250','2'),
 ('CF08015302105','11','CINTO TRIGAN NEGRO 105','4','500','250','1'),
 ('CF08015102100','11','CINTO ALIYAN NEGRO 100','4','500','250','1'),
 ('ZH07010403110','11','CINTO YACO MARRON 110','3','500','250','1'),
 ('ZH07010610105','11','CINTO GRUX TELA 105','3','400','200','1'),
 ('ZH07041810U','12','BILLETERA EBERT GRIS','3','600','300','2'),
 ('ZH07041802U','12','BILLETERA EBERT NEGRO','3','600','300','1'),
 ('ZH070417A2U','12','BILLETERA NOVIL MARRON','3','600','300','2'),
 ('ZH07040810U','12','BILLETERA GRISE','3','600','300','1'),
 ('ZH07100002U','13','RIÑONERA PIORNE NEGRA','3','550','250','1'),
 ('ZH07002102U','62','GORRA SMOKE NEGRA','3','600','300','1'),
 ('ZH06000202U','62','GORRA CAMUFLADA','3','400','300','1'),
 ('(ZH09000214U(','62','GORRA FINA','3','600','300','2'),
 ('6472172116256','29','BABUCHA GRIS CON NEGRO','26','650','300','2'),
 ('6969922239483','29','BABUCHA GRIS','26','920','450','1'),
 ('2872787803307','46','PALAZO NEGRO','15','800','400','1'),
 ('6689721888209','46','PALAZO BORDO','15','800','400','1'),
 ('6004011233260','34','CALZA COLOR LADRILLO','56','750','300','1'),
 ('5949210231970','34','CALZA COLOR VERDE','26','750','300','1'),
 ('3989072029348','34','CALZA COLOR NEGRO','54','750','300','1'),
 ('9411583444333','34','CALZA COMBINADA NEGRO GRIS Y BLANCO','26','750','300','1'),
 ('9095840827819','34','CALZA NEGRA SUPLE','26','750','400','3'),
 ('6032685705189','47','PANTALON DE VESTIR CORTE CHINO BORDO TALLE S','24','1160','590','1'),
 ('4553640175868','47','PANTALON DE VESTIR CORTE CHINO BORDO TALLE M','24','1160','590','1'),
 ('7175618120457','47','PANTALON DE VESTIR CORTE CHINO BORDO TALLE L','24','1160','590','1'),
 ('2662739743689','47','PANTALON DE VESTIR CORTE CHINO NEGRO TALLE MQ','24','1160','590','1'),
 ('3461280628655','17','PANTALON DE VESTIR CORTE CHINO NEGRO TALLE S','24','1190','590','1'),
 ('5768173687033','47','PANTALON DE VESTIR CORTE CHINO NEGRO TALLE L','24','1160','590','1'),
 ('6194906605767','47','PANTALON NEGRO CON TIRAS','13','850','400','1'),
 ('4370389644376','47','PANTALON NEGRO CON TIRAS BLANCAS','20','850','400','1'),
 ('8401357102270','29','BABUCHA VERDE DE BENGALINA','20','950','450','3'),
 ('ZH07001617U','62','GORRA NIUS','3','600','300','1'),
 ('CF08000709U','62','GORRA REDFRY','4','500','300','1'),
 ('ZH07002204U','62','GORRA BRAMI','3','500','250','1'),
 ('ZH070028Ñ2U','62','GORRA VOC MARRON','3','600','300','1'),
 ('ZH07003006U','62','GORRA FLEYTA VERDE','3','550','250','1'),
 ('ZH07003403U','62','GORRA DRESA GRIS','3','600','300','1'),
 ('ZH07002904U','62','GORRA KINEL AZUL','3','600','300','1'),
 ('ZH09000515U','62','GORRA TEHUEN','3','600','300','1'),
 ('ZH09080109U','15','BOLSO STRAUS','3','1000','600','1'),
 ('CF07120348U','16','MOCHILA TOURE','4','1500','700','1'),
 ('ZH09120102U','16','MOCHILA CHAMELEON','3','1600','800','1'),
 ('ZH09120813U','16','MOCHILA BOMBIT','3','1550','700','1'),
 ('CF0712017U','16','MOCHILA LIAN','4','1500','750','1'),
 ('ZH09120904U','16','MOCHILA MAXI','3','1600','800','1'),
 ('ZH07120902U','16','MOCHILA PARTNE','3','1900','800','1'),
 ('ZH071205EU','16','MOCHILA GEBRU','3','800','400','1'),
 ('CF274118HM34','18','MALLA ESTAMPADA TALLE 34','4','990','500','1'),
 ('ZH2942031028','18','MALLA ESTAMPADA TALLE 28','3','990','500','1'),
 ('ZH2942120736','18','MALLA ESTAMPADA TALLE 36','3','990','500','1'),
 ('ZH2941030630','18','MALLA ESTAMPADA TALLE 30','3','990','500','1'),
 ('ZH2942040636','18','MALLA ESTAMPADA TALLE 36','3','990','500','1'),
 ('ZH2942050634','18','MALLA ESTAMPADA TALLE 34','3','990','500','1'),
 ('ZH2942060128','18','MALLA ESTAMPADA TALLE 28','3','990','500','1'),
 ('ZH2741020636','18','MALLA ESTAMPADA TALLE 36','3','990','500','1'),
 ('ZH2942131132','18','MALLA ESTAMPADA TALLE 32','3','990','500','1'),
 ('ZH2941021436','18','MALLA ESTAMPADA TALLE 36','3','990','500','1'),
 ('ZH2942170436','18','MALLA ESTAMPADA TALLE 36','3','990','500','1'),
 ('ZH2741090638','18','MALLA ESTAMPADA TALLE 38','3','990','500','1'),
 ('ZH2741150630','18','MALLA ESTAMPADA TALLE 30','3','990','500','1'),
 ('ZH2942050136','18','MALLA ESTAMPADA TALLE 36','3','990','500','1'),
 ('ZH2941010434','18','MALLA ESTAMPADA TALLE 34','3','990','500','1'),
 ('ZH2942020138','18','MALLA ESTAMPADA TALLE 38','3','990','500','1'),
 ('ZH2942161234','18','MALLA ESTAMPADA TALLE 34','3','990','500','1'),
 ('ZH2942111036','18','MALLA ESTAMPADA TALLE 36','3','990','500','1'),
 ('ZH2942101736','18','MALLA ESTAMPADA TALLE 36','3','990','500','1'),
 ('ZH2741050736','18','MALLA ESTAMPADA TALLE 36','3','990','500','1'),
 ('ZH2942091136','18','MALLA ESTAMPADA TALLE 36','3','990','500','1'),
 ('ZH2741051036','18','MALLA ESTAMPADA TALLE 36','3','990','500','1'),
 ('ZH2942010838','18','MALLA ESTAMPADA TALLE 38','3','990','500','1'),
 ('ZH2741130430','18','MALLA ESTAMPADA TALLE 30','3','990','500','1'),
 ('CF28560321XXL','19','MUSCULOSA GRIS TALLE XXL','4','450','225','1'),
 ('ZH29560905XS','19','MUSCULOSA PLIV TALLE XS','3','450','225','1'),
 ('ZH29561002XL','19','MUSCULOSA SANCAP TALLE XL','3','450','225','1'),
 ('CF28560604L','19','MUSCULOSA TABLET TANK TALLE L','4','450','225','1'),
 ('ZH29560504S','19','MUSCULOSA BATIC TALLE S','3','450','225','1'),
 ('ZH29560202XXL','19','MUSCULOSA HECTRY TALLE XXL','3','450','225','1'),
 ('ZH29560808XL','19','MUSCULOSA MILCO TALLE XL','3','450','225','1'),
 ('CF28561006L','19','MUSCULOSA CAMUFLADA TALLE L','4','450','225','1'),
 ('CF28561006M','19','MUSCULOSA CAMUFLADA TALLE M','4','450','225','1'),
 ('ZH29561001M','19','MUSCULOSA SANCAP BLANCA TALLE M','3','450','225','1'),
 ('ZH18720201L','20','CAMISA AIRTEEK TALLE L','3','1350','600','1'),
 ('ZH18720402M','20','CAMISA CIELRAT TALLE M','3','1350','600','1'),
 ('CF18720248L','20','CAMISA LONGER TALLE L','4','1350','600','1'),
 ('ZH17950602S','21','ROMPEVIENTO NEGRO TALLE S','3','1550','600','2'),
 ('ZH2932080234','22','BERMUDA JEAN CON ROTURA EMANGIR TALLE 34','3','1300','550','1'),
 ('ZH2731030034','22','BERMUDA JEAN CLAFOR TALLE 34','3','1300','500','1'),
 ('CF18720294L','20','CAMISA LONGER TALLE L','4','1350','600','1'),
 ('ZH18720510XXL','20','CAMISA MASIETO TALLE XXL','3','1350','600','1'),
 ('ZH2932030830','22','BERMUDA JEAN NIESTE TALLE 30','3','1300','500','1'),
 ('ZH2932047930','22','BERMUDA JEAN SILSAN TALLE 30','3','1300','500','1'),
 ('ZH2725000238','23','JOGER REIDIO NEGRO TALLE 38','3','1500','800','1'),
 ('CF2835030232','22','BERMUDA ALGODÓN MARBEL NEGRAS TALLE 32','4','950','500','1'),
 ('ZH2721170042','17','JEAN UNBUR TALLE 42','3','1400','700','1'),
 ('ZH1821080038','17','JEAN RUNEL TALLE 38','3','1300','600','1'),
 ('ZH2721150038','17','JEAN EDALER TALLE 38','3','1450','700','1'),
 ('CF1821080840','17','JEAN CALI TALLE 40','4','1450','600','1'),
 ('ZH1821030040','17','JEAN CRIMAN TALLE 40','3','1450','600','1'),
 ('ZH1821070036','17','JEAN PATROS TALLE 36','3','1400','600','1'),
 ('ZH2721150036','17','JEAN EDALER TALLE 36','3','1450','600','1'),
 ('ZH2622000436','17','PANTALON CORTE CHINO AZUL  TALLE 36','3','1400','600','1'),
 ('ZH2721160036','17','JEAN FLIYVIG TALLE 36','3','1450','600','1'),
 ('CF2821020436','17','JEAN HELSINKI TALLER 36','4','1450','600','1'),
 ('ZH2721140036','17','JEAN BRUDET TALLE 36','3','1250','600','1'),
 ('CF1821090434','17','JEAN SEWING TALLE 34','4','1490','700','1'),
 ('CF1821060034','17','JEAN SPARK TALLE 34','4','1450','700','1'),
 ('ZH1821090030','17','JEAN OZACA TALLE 30','3','1300','600','1'),
 ('CJ1821030214','17','JEAN KIDS TALLE 14','4','1200','700','1'),
 ('CF1821050230','17','JEAN VOSS TALLE 30','4','1390','700','1'),
 ('ZH2822100332','17','PANTALON DE VESTIR CORTE CHINO MARRON TALLE 32','3','1990','1100','2'),
 ('CF1821040028','17','JEAN MAJUL TALLE 28','4','1300','550','1'),
 ('CF1825014830','23','JOGERT LOSTU NEGRO','4','1200','550','1'),
 ('ZH2721160030','17','JEAN FLIGVIG TALLE 30','3','1150','550','2'),
 ('ZH2622000230','17','PANTALON DE VESTIR CORTE CHINO NEGRO TALLE 30','3','1990','1100','2'),
 ('ZH1821010030','17','JEAN ROTURA TALLE 30','3','1450','600','1'),
 ('ZH2721020028','17','JEAN SOLDAT TALLE 28','3','1300','600','1'),
 ('ZH1821040028','17','JEAN VERNICH TALLE 28','3','1300','600','1'),
 ('ZH2822100228','17','PANTALON DE VESTIR CORTE CHINO NEGRO TALLE 28','3','1990','1100','1'),
 ('ZH2721180032','17','JEAN SUARET TALLE 32','3','1450','700','1'),
 ('ZH2822100232','17','PANTALON DE VESTIR CORTE CHINO NEGRO TALLE 32','3','1990','1100','3'),
 ('ZH1821040034','17','JEAN VERNICH TALLE 34','3','1300','600','1'),
 ('ZH1821040036','17','JEAN VERNICH TALLE 36','3','1300','600','1'),
 ('ZH1821040038','17','JEAN VERNICH TALLE 38','3','1300','600','1'),
 ('ZH1821040040','17','JEAN VERNICH TALLE 40','3','1300','600','3'),
 ('ZH2822100330','17','PANTALON DE VESTIR CORTE CHINO MARRON TALLE 30','3','1990','1100','1'),
 ('ZH2822100336','17','PANTALON DE VESTIR CORTE CHINO MARRON TALLE 36','3','1990','1100','1'),
 ('ZH2822100338','17','PANTALON DE VESTIR CORTE CHINO MARRON TALLE 38','3','1990','1100','1'),
 ('ZH2822100340','17','PANTALON DE VESTIR CORTE CHINO MARRON TALLE 40','3','1990','1100','1'),
 ('ZH2822100342','17','PANTALON DE VESTIR CORTE CHINO MARRON TALLE 42','3','1990','1100','1'),
 ('ZH1821090034','17','JEAN OZACA TALLE 34','3','1300','600','1'),
 ('ZH1821090036','17','JEAN OZACA TALLE 36','3','1300','600','1'),
 ('CF1821090442','20','JEAN SEWING TALLE 42','4','1490','700','1'),
 ('ZH2721140038','17','JEAN BRUDET TALLE 38','3','1250','600','1'),
 ('CF1821080842','17','JEAN CALI TALLE 42','4','1450','600','1'),
 ('ZH18720510L','20','CAMISA MASIETO TALLE L','3','1350','600','1'),
 ('ZH18720510XL','20','CAMISA MASIETO TALLE XL','3','1350','600','1'),
 ('CF18720294XL','20','CAMISA LONGER TALLE XL','4','1350','600','1'),
 ('ZH2725000232','23','JOGER REIDIO NEGRO TALLE 32','3','1500','800','1'),
 ('ZH2932047932','22','BERMUDA JEAN SILSAN TALLE 32','3','1300','550','1'),
 ('2048080','32','BLUSA PEUEN','35','600','200','1'),
 ('6960945404063','49','POLLERA DE VESTIR BLANCA','12','550','200','1'),
 ('2796491455808','49','POLLERA DE VESTIR NEGRA','2','450','200','1'),
 ('1350100003','49','POLLERA BORDADA','13','999','500','1'),
 ('5018843997888','49','POLLERA NEGRA CON TACHA','2','590','200','1'),
 ('6737628368468','49','POLLERA VERDE CON BOLSILLO','2','550','250','1'),
 ('3947096855473','49','POLLERA NEGRA FORRADA CON RAYAS','2','500','200','1'),
 ('9536593051507','49','POLLERA ENGOMADA NEGRA','2','450','200','1'),
 ('8268993439029','49','POLLERA ENGOMADA ROJA CON CIERRE','2','550','250','1'),
 ('9661404972228','49','POLLERA ROJA CON NEGRO','2','550','250','1'),
 ('1034572920502','49','POLLERA ENGOMADA ROJA CON VUELO','2','550','250','1'),
 ('5177707250016','49','POLLERA ENGOMADA ROSA','2','590','300','1'),
 ('9873444059092','49','POLLERA FLOREADA AZUL Y BLANCA','2','400','200','1'),
 ('4424872840681','51','SHORT NEGRO CON ELASTICO RAYADO','2','400','200','1'),
 ('REM.BS .16704.S.ROJ','45','MUSCULOSA BRETEL ROJA','34','450','100','1'),
 ('7076903045885','39','CORPIÑO SILICONADO','2','350','130','1'),
 ('4732640402598','39','CORPIÑO KISS','10','350','130','2'),
 ('1344725414742','18','MALLA ESTAMPADA TALLE S','2','650','250','3'),
 ('1151290549850','18','MALLA ESTAMPADA TALLE 5XL','2','650','250','3'),
 ('1381909712560','18','MALLA ESTAMPADA TALLE 4XL','2','650','250','2'),
 ('1520984248148','18','MALLA ESTAMPADA TALLE 2XL','2','650','250','3'),
 ('6549546870486','18','MALLA ESTAMPADA TALLE XL','2','650','250','1'),
 ('7962098698633','18','MALLA ESTAMPADA TALLE L','2','650','250','2'),
 ('3020127133815','18','MALLA ESTAMPADA TALLE 3XL','2','650','250','2'),
 ('4595412556802','36','CAPRI MODAL NEGRO','2','500','250','3'),
 ('6682132669221','51','SHORT DEPORTIVO','26','750','350','6'),
 ('5545034775531','32','MUSCULOSA CON REMERA TUL FLOREADO TALLE 1','24','800','400','1'),
 ('2116802144502','32','MUSCULOSA CON REMERA TUL FLOREADO TALLE 3','24','800','400','1'),
 ('2048980','45','MUSCULOSA NUBE ROSA','35','400','150','1'),
 ('4504219791033','32','BLUSA FUCHSIA MOÑO ADELANTE','2','500','300','1'),
 ('2415437711869','32','BLUSA FUCHSIA CON VOLADO','2','500','300','1'),
 ('2705941081986','51','SHORT DEPORTIVO','2','400','200','4'),
 ('8972998381800','51','SHORT JEAN BLANCO','2','650','300','6'),
 ('4194947707392','51','SHORT JEAN BLANCO','12','700','300','6'),
 ('2867544917571','51','SHORT JEAN CAMUFLADO','12','700','300','2'),
 ('3831043036834','51','SHORT JEAN NEGRO','12','700','300','2'),
 ('9348315250491','51','SHORT JEAN ECONOMICO','2','550','250','1'),
 ('6709475401773','51','SHORT JEAN NEGRO','46','600','300','2'),
 ('5662655373608','51','SHORT JEAN CELESTE','24','800','400','5'),
 ('3722022382533','51','SHORT JEAN CELESTE','46','650','300','2'),
 ('7526257970673','51','SHORT JEAN CELESTE BORDADO','43','700','350','1'),
 ('5241798207676','51','SHORT FIBRANA ESTAMPADO','2','400','200','10'),
 ('4247882613492','51','SHORT JEAN CON PARCHES','2','550','250','1'),
 ('4084507107758','51','SHORT CRISANTA CON ROTURA','24','550','250','1'),
 ('1417450375036','51','SHORT GABARDINA BEIGE','2','550','250','1'),
 ('2632380212292','51','SHORT RAYADO ELASTIZADO CON LAZO','2','700','300','2'),
 ('4085259131749','51','SHORT RAYADO CON LAZO','2','500','250','7'),
 ('6903574944135','51','BAHIANO DE FIBRANA ESTAMPADOS Y LISOS','2','590','250','9'),
 ('1306986598715','57','BAHIANO RAYADO','2','850','400','1'),
 ('6873890523942','22','BERMUDA GABARDINA CARGO GRIS TALLE 52','32','1200','500','1'),
 ('8736718316226','22','BERMUDA GABARDINA CARGO CRUDO TALLE 52','32','1200','500','1'),
 ('2004042195777','22','BERMUDA GABARDINA CARGO VERDE TALLE 56','32','1200','500','1'),
 ('1632231687065','22','BERMUDA GABARDINA CARGO VERDE TALLE 52','32','1200','500','1'),
 ('8539759273318','22','BERMUDA GABARDINA CARGO VERDE OSCURO TALLE 56','32','1200','500','1'),
 ('9208360164368','22','BERMUDA GABARDINA CARGO VERDE SECO TALLE 40','32','1200','500','1'),
 ('1368161600651','22','BERMUDA GABARDINA CARGO VERDE MILITAR TALLE 36','32','1200','500','1'),
 ('3753452143067','22','BERMUDA GABARDINA ELASTIZADA NEGRA TALLE 32','32','1100','400','1'),
 ('7302406720463','22','BERMUDA GABARDINA CARGO BEIGE TALLE 36','32','1200','500','3'),
 ('7811924465645','22','BERMUDA ROJA ALGODÓN TALLE 28','2','450','250','1'),
 ('1950354000005','22','BERMUDA GABARDINA COMUN TALLE 36 ROJO','48','800','400','1'),
 ('7313106213513','22','BERMUDA GABARDINA CELESTE TALLE S','6','800','400','1'),
 ('5660209060172','22','BERMUDA GABARDINA CELESTE MATIZADA TALLE 38','32','800','400','1'),
 ('6608741972484','22','BERMUDA JEAN AZUL TALLE 32','2','800','350','1'),
 ('6526049982519','22','BERMUDA JEAN AZUL TALLE 30','2','800','400','1'),
 ('2732004987886','22','BERMUDA JEAN AZUL GASTADA TALLE 32','49','800','400','1'),
 ('1885987980021','22','BERMUDA JEAN AZUL OSCURO TALLE 38','2','800','400','1'),
 ('3269476590454','22','BERMUDA GABARDINA ELASTIZADA AZUL TALLE 32','32','1100','400','1'),
 ('4472012875628','51','SHORT DE BENGALINA NEGRO','2','490','250','2'),
 ('3247129435277','51','SHORT DE BENGALINA ROJO','2','490','250','1'),
 ('9354324942104','51','SHORT DE VESTIR BLANCO BENGALINA','2','600','300','1'),
 ('2977926932662','51','SHORT DE VESTIR BLANCO','27','350','200','1'),
 ('5793694809633','51','SHORT DE BENGALINA BLANCO','2','490','250','1'),
 ('4664106670831','51','SHORT NEGRO ENGOMADO','13','400','200','1'),
 ('4403381908839','51','SHORT ROJO ENGOMADO','2','400','200','1'),
 ('9327858448268','51','SHORT RAYADO CELESTE','2','400','200','1'),
 ('8432178805187','49','POLLERA JEAN CELESTE CLARO TALLE 38','20','750','350','1'),
 ('6506312290749','49','POLLERA JEAN CELESTE TALLE 42','20','750','350','1'),
 ('5573077116226','49','POLLERA JEAN CELESTE CON PARCHE TALLE 36','37','750','350','1'),
 ('5440405781824','49','POLLERA JEAN AZUL OSCURA TALLE 40','46','750','350','1'),
 ('3611970066537','49','POLLERA JEAN NEGRA TALLE 42','46','750','350','1'),
 ('6956441918357','49','POLLERA JEAN NEGRA TALLE 40','46','750','350','1'),
 ('9325953836119','49','POLLERA JEAN GRIS CON FRANJA TALLE 42','50','750','350','1'),
 ('9114759991760','49','POLLERA CAMUFLADA','20','750','350','1'),
 ('8613232205239','49','POLLERA JEAN BLANCA TALLE 2','12','650','300','1'),
 ('3020343177433','49','POLLERA JEAN CELESTE BORDADA','51','750','350','1'),
 ('3130786670641','10','REMERA ESTAMPADA Y LISA AZUL','26','450','250','1'),
 ('7086067876843','48','PESCADORES DEPORTIVOS NEGRO CON FRANJA GRIS','52','650','350','1'),
 ('4010651842351','48','PESCADORES DEPORTIVOS NEGRO CON FRANJA AZUL','26','650','350','1'),
 ('5239938427152','48','PESCADORES DEPORTIVOS ESTAMPADO TALLE M','26','850','400','1'),
 ('2669151305600','48','PESCADORES DEPORTIVOS ESTAMPADO PRETINA ANCHA TALL','26','850','400','1'),
 ('9043374640169','48','PESCADORES DEPORTIVOS ESTAMPADO TALLE L','26','850','400','1'),
 ('3162724743643','48','PESCADOR NIKE NEGRO TALLE 4','53','650','350','1'),
 ('1248876024488','48','PESCADOR ESTAMPADO NARANJA FUERTE','54','650','350','1'),
 ('3318587504659','48','PESCADOR ESTAMPADO NARANJA CLARO','55','650','350','1'),
 ('3424207500632','37','MUSCULOSA ESTAMPADA CON TOP','26','690','350','1'),
 ('7087359237144','45','MUSCULOSA ESTAMPADA TALLE M','26','570','300','1'),
 ('5117541691514','45','MUSCULOSA ESTAMPADA TALLE XL','26','570','300','1'),
 ('2178665100842','58','SUDADERA ESTAMPADA','26','690','350','1'),
 ('3997788397699','1','REMERA ESTAMPADA Y LISA VERDE','26','450','250','1'),
 ('5354184183222','10','REMERA ESTAMPADA TALLE M','26','550','250','1'),
 ('6546302409676','42','MALLA ENTERIZA','22','1300','700','4'),
 ('6111276915180','45','MUSCULOSA ROSA','6','400','200','1'),
 ('3125540264051','45','MUSCULOSA GRIS','6','400','200','1'),
 ('9174063080079','59','PIJAMA GAMMA','2','750','300','1'),
 ('3201454071746','24','TOP DEPORTIVO TALLE XL','26','490','250','1'),
 ('2701835548795','24','TOP DEPORTIVO TALLE L','26','490','250','1'),
 ('4961789569521','24','TOP DEPORTIVO TALLE L MARRON','26','490','250','1'),
 ('1892130736602','58','SUDADERA GRIS','13','500','300','1'),
 ('4976771540242','58','SUDADERA ROJA','13','500','300','1'),
 ('5221849683000','10','REMERA DE ALGODÓN SURTIDA CORTA','2','300','200','10'),
 ('6179652299705','10','REMERA DE ALGODÓN GAMMA SURTIDA','2','400','200','8'),
 ('9650249896929','45','MUSCULOSA ROJA','2','280','100','1'),
 ('PRENDAPROMO','53','PRENDAS PROMO','41','250','100','9'),
 ('4436054746902','10','REMERA VERDE','13','450','300','1'),
 ('2533719962287','10','REMERA MANGAS LARGAS','28','450','200','1'),
 ('5486705588718','10','REMERA ROJA ESCOTE ATRÁS','2','450','200','1'),
 ('4807424819913','48','PESCADORES DEPORTIVOS TALLE L','26','850','400','1'),
 ('5267109133984','10','REMERA DE ALGODÓN ABIERTA ATRÁS CON LAZO','2','450','200','1'),
 ('6598050338210','10','REMERA DE ALGODÓN ABIERTA ATRÁS LILA','2','450','200','1'),
 ('9286558047709','60','SACO DE FIESTA TORERITA BLANCA','24','1200','600','1'),
 ('6850170435102','60','TORERITA BLANCA','24','1450','700','1'),
 ('9118975091426','38','CAMPERA JEAN SALMON','13','1200','600','1'),
 ('1039280','50','SACO VARIOS COLORES','18','1250','600','4'),
 ('7485951990076','38','CAMPERA PILOTIN BEIGE','2','1200','600','1'),
 ('5706350357140','60','TORERITA ROSA','2','550','300','1'),
 ('4202897635594','30','BLAZER  NEGRO','29','990','550','1'),
 ('9075409298137','47','PANTALON ENGOMADO BORDO TALLE S','24','950','450','1'),
 ('4731419055430','47','PANTALON ENGOMADO NEGRO TALLE L','24','950','450','1'),
 ('5409149102456','47','PANTALON ENGOMADO NEGRO CON RAYAS TALLE 40','18','950','450','1'),
 ('1038440','47','PANTALON ENGOMADO NEGRO CON RAYAS TALLE 38','18','950','450','1'),
 ('5618470868607','47','PANTALON PRINCIPE DE GALA','2','750','350','1'),
 ('7136465834126','34','CALZA NEGRA CON TIRAS BLANCAS','2','750','350','1'),
 ('5047241461554','47','PANTALON DE BENGALINA NEGRO CON LAZO','2','850','400','1'),
 ('1730508402653','47','PANTALON DE CREEP OXFORD ROJO','2','850','350','1'),
 ('1457941564655','47','PANTALON DE CREEP OXFORD ROSA','2','850','350','1'),
 ('7746523722601','47','PANTALON DE CREEP OXFORD NEGRO TALLE 5','2','850','350','1'),
 ('9960176889674','47','PANTALON DE CREEP OXFORD NEGRO TALLE 4','2','850','350','1'),
 ('2009568160285','34','CALZA NEGRA DE VESTIR CIERRE EN LOS COSTADOS','2','750','300','1'),
 ('1578166896038','47','PANTALON DE VESTIR NEGRO TALLE 46','2','900','300','1'),
 ('7382479736714','47','PANTALON DE VESTIR NEGRO TALLE 44','2','900','300','1'),
 ('9895166023380','47','PANTALON DE VESTIR AZUL TALLE 44','2','900','300','1'),
 ('6628604575607','47','PANTALON DE VESTIR CORTE CHINO NEGRO TALLE M','2','850','300','1'),
 ('9848031893540','47','PANTALON DE VESTIR CORTE CHINO NEGRO TALLE L','2','850','300','1'),
 ('9485434470543','47','PANTALON DE VESTIR NEGRO VUELO EN LOS BOLSILLOS','2','890','400','1'),
 ('4686832936906','47','PANTALON DE VESTIR CORTE CHINO NEGRO TALLE XL','2','850','300','1'),
 ('1543823642884','12','BILLETERA NEGRA PINES','2','420','200','1'),
 ('4844989302481','12','BILLETERA DE CORAZON BRILLO','2','400','200',''),
 ('1967580937357','40','JEAN NEGRO 48','39','600','300','1'),
 ('5021622867975','40','JEAN DAMA CELESTE 44','24','1160','600','1'),
 ('3100389902159','40','JEAN GASTADO AZULADO 42','24','1100','550','1'),
 ('6292617836316','40','JEAN GASTADO AZUL 32','13','800','350','1'),
 ('2511306204798','40','JEAN AZUL FRANJA BORDO 42','12','800','350','1'),
 ('3058395585036','40','JEAN CELESTE FRANJA VERDE 42','20','850','350','1'),
 ('4010729280047','40','JEAN BRETINA ANCHA 32','24','850','350','1'),
 ('3094503842981','40','JEAN CELESTE GASTADO 32','24','1160','550','1'),
 ('2854381609905','40','JEAN AMARILLO 40','6','500','150','1'),
 ('3648945928125','40','JEAN GASTADO 28','13','800','350','1'),
 ('5646814565356','40','JEAN GASTADO 29','13','800','350','1'),
 ('5328624986285','40','JEAN AZUL 40','24','1100','550','1'),
 ('2667787113293','40','JEAN CELESTE FRANJA AZUL 40','24','1100','550','1'),
 ('3513715194331','40','JEAN CELESTE CON FRANJA AZUL 28','24','1100','550','1'),
 ('9098067361456','40','JEAN AZUL FRANJA VERDE 40','20','850','350','1'),
 ('3751374564038','40','JEAN AZUL GASTADO T 28','16','1100','550','1'),
 ('4436856025113','40','JEAN CELESTE GASTADO 28','24','1160','550','1'),
 ('1328883055795','40','PANTALON BLANCO 28','24','990','500','1'),
 ('2824771839557','40','PANTALON BLANCO 28','24','990','500','1'),
 ('9854408165219','40','PANTALON BLANCO 28','20','800','350','1'),
 ('6953015962167','40','JEAN CELESTE CON ROTURAS 26','24','1200','550','1'),
 ('4079909660031','40','JEAN CELESTE GASTADO 26','24','1160','590','1'),
 ('6377377101864','40','JEAN CELESTE GASTADO 26','24','1100','590','1'),
 ('1707347097456','40','JEAN BORDADO 26','18','1070','600','1'),
 ('8523051615532','40','PANTALON NEGRO 26','20','800','350','1'),
 ('4417761390169','40','JEAN NEGRO 26','13','800','350','1'),
 ('8274426531475','40','JEAN NEGRO 29','13','800','350','1'),
 ('501121722538','40','JEAN  NUVE 38','6','500','150','1'),
 ('8691835757539','40','JEAN AZUL 28','24','850','450','1'),
 ('8451014052387','40','JEAN NEGRO 24','24','980','450','1'),
 ('9796196911794','40','JEAN NEGRO 24','24','980','450','1'),
 ('3302243105199','40','JEAN AZUL BORDADO BOLSILLO 24','24','990','450','1'),
 ('1262461436524','40','JEAN AZUL GASTADO 22','24','1100','550','1'),
 ('4545569782647','40','JEAN NEGRO GASTADO 24','2','800','350','1'),
 ('8757502664897','40','JEAN CELESTE 24','24','1100','550','1'),
 ('4944566797454','40','JEAN CON APLIQUES 24','37','990','400','1'),
 ('6214155075446','40','JEAN CELESTE CON PRETINA 24','24','850','400','1'),
 ('8657106252226','40','JEAN CELESTE GASTADO 24','24','1160','550','1'),
 ('1390293465532','40','JEAN CELESTE GASTADO 24','13','800','350','1'),
 ('5100209785823','40','JEAN CELESTE GASTADO 26','13','990','400','1'),
 ('5253341012897','40','JEAN CELESTE GASTADO 22','24','1100','550','1'),
 ('8627849549884','40','JEAN CELESTE CONFRANJA AZUL 26','24','1100','550','1'),
 ('8339505917271','40','PANTALON BLANCO CON ROTURAS 26','6','800','400','1'),
 ('8296980010906','40','PANTALON BLACO 26','20','800','350','1'),
 ('9035568403759','61','CANCAN DE RED','23','350','150','2'),
 ('8998622001760','61','CANCAN NEGRO','23','140','70','5'),
 ('4082441793310','61','CANCAN BEIGE','23','150','70','11'),
 ('7793617868288','43','MEDIAS DE SEDA BEIGE','23','110','70','3'),
 ('7793617868240','43','MEDIAS DE SEDA NEGRA','23','110','70','7'),
 ('2634927132162','33','BOMBACHA COLA LESS','2','100','40','10'),
 ('9587132070145','43','MEDIAS DE MUJER','38','90','40','10'),
 ('7291223839628','52','SOQUETES MUJER','38','90','40','3'),
 ('6528350847846','5','SLIP TALLE 3','5','180','100','6'),
 ('2932538635257','5','SLIP TALLE 4','5','180','100','1'),
 ('5837714676833','5','SLIP TALLE 6','5','180','100','3'),
 ('ZH2822100236','17','PANTALON DE VESTIR NEGRO TALLE 36','3','1990','1100','1'),
 ('9433114857788','51','SHORT RAYADO ELASTIZADO CON LAZO','2','700','300','2'),
 ('7732638106184','32','BLUSA RAYADA','2','650','300','1'),
 ('8758532761181','26','VESTIDO CORTO RAYADO MORLEY GRIS Y CELESTE','2','540','200','1'),
 ('9153813197960','32','BLUSA BLANCA CON BRODERY','2','600','300','1'),
 ('6298187508080','26','VESTIDO NEGRO BORDADO','2','850','350','1'),
 ('6763572383684','47','PANTALON NEGRO ENGOMADO CON TIRAS','2','850','400','1'),
 ('5751025793525','32','BLUSA ROJA SIN MANGA CON VUELO','2','520','300','1'),
 ('5838437222055','49','POLLERA BLANCA BENGALINA','12','650','300','1'),
 ('6897046518606','37','CONJUNTO PANTALON Y TOP DE FIBRANA RAYADO','14','750','350','1'),
 ('3563324617707','34','CICLISTA LILA','26','530','250','1'),
 ('5102016427132','51','SHORT DEPORTIVO VIOLETA','26','460','250','1'),
 ('8017827675191','47','PANTALON DE VESTIR BENGALINA CON VUELO','2','890','450','1'),
 ('2101660348063','32','BLUSA BORDADA EN ESPALDA NEGRA','2','790','450','1'),
 ('5290290480421','27','PAÑUELO DAMA','2','200','100','4'),
 ('6622497485425','27','CHOCKE NEGRO CON PIEDRAS','2','150','50','2'),
 ('4741928109920','27','BRAZALETE','2','250','100','1'),
 ('2310832452693','27','PECHERA','2','300','150','4'),
 ('7198142475657','27','COLLAR COMUN','2','250','100','3'),
 ('2634903462238','27','COLLAR FLECO NEGRO','2','250','100','1'),
 ('7898165324351','27','CAMISERO','2','200','100','1'),
 ('ZH09120608U','16','MOCHILA VERDE CON BUOS','3','1550','800','1'),
 ('ZH07120417U','16','MOCHILA CAMUFLADA GRIS','3','1700','800','1'),
 ('ZH2822100334','17','PANTALON CORTE CHINO TALLE 34','3','1990','1100','1'),
 ('ZH1821030032','17','PANTALON JEAN CRIMAN TALLE 32','3','1450','800','1'),
 ('ZH2822100234','17','PANTALON CHINO NEGRO TALLE 34','3','1990','900','1'),
 ('ZH2822100230','17','PANTALON CHINO NEGRO TALLE 30','3','1990','900','1'),
 ('ZH2822100240','17','PANTALON CHINO NEGRO TALLE 40','3','1990','900','1'),
 ('ZH2822100242','17','PANTALON CHINO NEGRO TALLE 42','3','1990','900','1'),
 ('ZH2721160038','17','PANTALON JEAN FLYVIG TALLE 38','3','1450','700','1'),
 ('4322496597052','17','PANTALON CHINO MARRON TALLE 40','3','1990','900','1'),
 ('5462992474767','27','CINTO CADENA','2','300','150','2');
CREATE TABLE IF NOT EXISTS `PROVEEDOR` (
	`PROVEEDOR_ID`	INTEGER NOT NULL,
	`NOMBRE`	TEXT NOT NULL,
	CONSTRAINT `PK_PROVEEDOR` PRIMARY KEY(`PROVEEDOR_ID`),
	CONSTRAINT `UTC_UNIQUE_PROVEEDOR_PROVEEDOR` UNIQUE(`NOMBRE`)
);
INSERT INTO `PROVEEDOR` (PROVEEDOR_ID,NOMBRE) VALUES (1,'PROVEEDOR');
CREATE TABLE IF NOT EXISTS `MARCA` (
	`MARCA_ID`	INTEGER NOT NULL,
	`NOMBRE`	TEXT NOT NULL,
	CONSTRAINT `UTC_UNIQUE_MARCA_MARCA` UNIQUE(`NOMBRE`),
	CONSTRAINT `PK_MARCA` PRIMARY KEY(`MARCA_ID`)
);
INSERT INTO `MARCA` (MARCA_ID,NOMBRE) VALUES (1,'KOSIUKO'),
 (2,'BUENOS AIRES'),
 (3,'ZIMITH'),
 (4,'CAPITAN'),
 (5,'KOLPER'),
 (6,'NASA'),
 (7,'ELEMENT'),
 (8,'TRONO'),
 (9,'FUSTON'),
 (10,'KIKA'),
 (11,'CORRIENTES'),
 (12,'CUERDA'),
 (13,'MONAME'),
 (14,'YOOMITO'),
 (15,'PAULINA LO'),
 (16,'ABSTRACTA'),
 (17,'ACTIVITY'),
 (18,'ANA REINA'),
 (20,'BORA'),
 (21,'CATALINA HIDALGO'),
 (22,'CINDISAMI'),
 (23,'COCOT'),
 (24,'CRISANTA'),
 (25,'DOROTHY'),
 (26,'DUAL POWER'),
 (27,'EVNI'),
 (28,'FELICIA'),
 (29,'FINI'),
 (30,'FORNARINA'),
 (31,'HUNGRIA'),
 (32,'IMPORTADA'),
 (33,'INFINITE'),
 (34,'LITIO'),
 (35,'LOVE THIS'),
 (37,'MINTAGE'),
 (38,'MUNDO'),
 (39,'NOT'),
 (40,'SMASH'),
 (41,'SURTIDO'),
 (42,'SWEET'),
 (43,'VOUS'),
 (44,'YD'),
 (46,'MARIQUITA'),
 (48,'BLACK SHEEP'),
 (49,'Q7'),
 (50,'DIMPLAY'),
 (51,'KICKBACK'),
 (52,'LADY FIT'),
 (53,'NIKE'),
 (54,'AIRFIND'),
 (55,'AIRWIND'),
 (56,'LF3');
CREATE TABLE IF NOT EXISTS `ITEM_SENIA` (
	`SENIA_ID`	INTEGER NOT NULL,
	`ARTICULO_ID`	INTEGER NOT NULL,
	`CANTIDAD`	INTEGER NOT NULL DEFAULT 1,
	CONSTRAINT `FK_REFERENCE_14` FOREIGN KEY(`SENIA_ID`) REFERENCES `SENIA`(`SENIA_ID`),
	CONSTRAINT `CHK_CANTIDAD_POSITIVA_ITEM_SENIA` CHECK(cantidad>0),
	CONSTRAINT `PK_ITEM_SENIA` PRIMARY KEY(`SENIA_ID`,`ARTICULO_ID`)
);
CREATE TABLE IF NOT EXISTS `ITEM_MISC` (
	`ITEM_MISC_ID`	INTEGER NOT NULL,
	`PRECIO`	INTEGER NOT NULL DEFAULT 0,
	`DESCRIPCION`	TEXT NOT NULL,
	`FACTURA_ID`	INTEGER,
	CONSTRAINT `FK_REFERENCE_11` FOREIGN KEY(`FACTURA_ID`) REFERENCES `FACTURA`(`FACTURA_ID`),
	CONSTRAINT `PK_ITEM_MISC` PRIMARY KEY(`ITEM_MISC_ID`)
);
CREATE TABLE IF NOT EXISTS `ITEM_FACTURA` (
	`ITEM_FACTURA_ID`	INTEGER NOT NULL,
	`FACTURA_ID`	INTEGER,
	`CANTIDAD`	INTEGER NOT NULL DEFAULT 1,
	`PRECIO`	REAL NOT NULL,
	`DESCUENTO_PORCENTAJE`	REAL NOT NULL DEFAULT 0,
	`DESCUENTO`	INTEGER NOT NULL DEFAULT 0,
	CONSTRAINT `PK_ITEM_FACTURA` PRIMARY KEY(`ITEM_FACTURA_ID`),
	CONSTRAINT `FK_REFERENCE_5` FOREIGN KEY(`FACTURA_ID`) REFERENCES `FACTURA`(`FACTURA_ID`)
);
CREATE TABLE IF NOT EXISTS `ITEM_COMPRA` (
	`COMPRA_ID`	INTEGER NOT NULL,
	`ARTICULO_ID`	INTEGER NOT NULL,
	`CANTIDAD`	INTEGER NOT NULL DEFAULT 1,
	CONSTRAINT `FK_REFERENCE_7` FOREIGN KEY(`COMPRA_ID`) REFERENCES `COMPRA`(`COMPRA_ID`),
	CONSTRAINT `PK_ITEM_COMPRA` PRIMARY KEY(`COMPRA_ID`,`ARTICULO_ID`)
);
CREATE TABLE IF NOT EXISTS `INGRESO_CAJA` (
	`INGRESO_CAJA_ID`	INTEGER NOT NULL,
	`MONTO`	REAL NOT NULL,
	`DESCRIPCION`	TEXT NOT NULL,
	`TURNO_ID`	INTEGER,
	CONSTRAINT `PK_INGRESO_CAJA` PRIMARY KEY(`INGRESO_CAJA_ID`),
	CONSTRAINT `FK_REFERENCE_19` FOREIGN KEY(`TURNO_ID`) REFERENCES `TURNO`(`TURNO_ID`)
);
CREATE TABLE IF NOT EXISTS `FACTURA` (
	`FACTURA_ID`	INTEGER NOT NULL,
	`NUMERO_FACTURA`	INTEGER NOT NULL,
	`FECHA_HORA`	TEXT NOT NULL,
	`DESCUENTO_PORCENTAJE`	REAL NOT NULL DEFAULT 0,
	`CLIENTE_ID`	INTEGER,
	`TURNO_ID`	INTEGER,
	CONSTRAINT `UTC_UK_NUMERO_FACTURA_FACTURA` UNIQUE(`NUMERO_FACTURA`),
	CONSTRAINT `PK_FACTURA` PRIMARY KEY(`FACTURA_ID`),
	CONSTRAINT `FK_REFERENCE_9` FOREIGN KEY(`CLIENTE_ID`) REFERENCES `CLIENTE`(`CLIENTE_ID`),
	CONSTRAINT `FK_REFERENCE_17` FOREIGN KEY(`TURNO_ID`) REFERENCES `TURNO`(`TURNO_ID`)
);
CREATE TABLE IF NOT EXISTS `EGRESO_CAJA` (
	`EGRESO_CAJA_ID`	INTEGER NOT NULL,
	`MONTO`	REAL NOT NULL DEFAULT 0,
	`DESCRIPCION`	TEXT NOT NULL,
	`TURNO_ID`	INTEGER,
	CONSTRAINT `PK_EGRESO_CAJA` PRIMARY KEY(`EGRESO_CAJA_ID`),
	CONSTRAINT `FK_REFERENCE_18` FOREIGN KEY(`TURNO_ID`) REFERENCES `TURNO`(`TURNO_ID`)
);
CREATE TABLE IF NOT EXISTS `COMPRA` (
	`COMPRA_ID`	INTEGER NOT NULL,
	`FECHA_HORA`	TEXT NOT NULL,
	`PROVEEDOR_ID`	INTEGER,
	CONSTRAINT `FK_REFERENCE_20` FOREIGN KEY(`PROVEEDOR_ID`) REFERENCES `PROVEEDOR`(`PROVEEDOR_ID`),
	CONSTRAINT `PK_COMPRA` PRIMARY KEY(`COMPRA_ID`)
);
CREATE TABLE IF NOT EXISTS `CLIENTE` (
	`CLIENTE_ID`	INTEGER NOT NULL,
	`NOMBRE`	TEXT NOT NULL,
	`DOMICILIO`	TEXT,
	`TELEFONO`	INTEGER NOT NULL,
	`CREDITO`	REAL NOT NULL DEFAULT 0,
	CONSTRAINT `PK_CLIENTE` PRIMARY KEY(`CLIENTE_ID`)
);
INSERT INTO `CLIENTE` (CLIENTE_ID,NOMBRE,DOMICILIO,TELEFONO,CREDITO) VALUES (1,'CONSUMIDOR FINAL','NO',0,0.0);
CREATE TABLE IF NOT EXISTS `ARTICULO` (
	`ARTICULO_ID`	INTEGER NOT NULL PRIMARY KEY AUTOINCREMENT,
	`CODIGO`	TEXT NOT NULL,
	`DESCRIPCION`	TEXT NOT NULL,
	`PRECIO_LISTA`	REAL NOT NULL,
	`PRECIO_CONTADO`	REAL,
	`PRECIO_COSTO`	REAL,
	`STOCK`	INTEGER NOT NULL DEFAULT 0,
	`RUBRO_ID`	INTEGER,
	`MARCA_ID`	INTEGER,
	`PROMO_BOOL`	INTEGER NOT NULL DEFAULT 0,
	`PRECIO_PROMO`	REAL,
	CONSTRAINT `FK_REFERENCE_2` FOREIGN KEY(`RUBRO_ID`) REFERENCES `RUBRO`(`RUBRO_ID`),
	CONSTRAINT `UTC_CODIGO_ARTICULOS` UNIQUE(`CODIGO`),
	CONSTRAINT `CHK_PRECIO_PROMO_ARTICULOS` CHECK(precio_promo>0),
	CONSTRAINT `CHK_PRECIO_COSTO_ARTICULOS` CHECK(precio_costo>0),
	CONSTRAINT `CHK_PRECIO_CONTADO_ARTICULOS` CHECK(precio_contado>0),
	CONSTRAINT `CHK_PRECIO_LISTA_ARTICULOS` CHECK(precio_lista>0),
	CONSTRAINT `FK_REFERENCE_4` FOREIGN KEY(`MARCA_ID`) REFERENCES `MARCA`(`MARCA_ID`)
);
INSERT INTO `ARTICULO` (ARTICULO_ID,CODIGO,DESCRIPCION,PRECIO_LISTA,PRECIO_CONTADO,PRECIO_COSTO,STOCK,RUBRO_ID,MARCA_ID,PROMO_BOOL,PRECIO_PROMO) VALUES (1,'ZH2932047942','BERMUDA JEAN SILSAN TALLE 42',1300.0,1000.0,500.0,1,22,3,0,800.0),
 (2,'ZH2932030828','BERMUDA JEAN NIESTE TALLE 28',1300.0,1000.0,500.0,1,22,3,0,800.0),
 (3,'ZH2932030832','BERMUDA JEAN NIESTE TALLE 32',1300.0,1000.0,500.0,1,22,3,0,800.0),
 (4,'ZH18720308S','CAMISA LUCARD TALLE S CELESTE',1350.0,1000.0,500.0,1,20,3,0,800.0),
 (5,'ZH18720404S','CAMISA LUCARD TALLE S AZUL',1350.0,1000.0,500.0,1,20,3,0,800.0),
 (6,'ZH2721180036','JEAN SUARET TALLE 36',1450.0,1000.0,500.0,2,17,3,0,800.0),
 (7,'CF2835030234','BERMUDA ALGODÓN MARBEL NEGRAS TALLE 34',950.0,1000.0,500.0,1,22,4,0,800.0),
 (8,'CF2835030230','BERMUDA ALGODÓN MARBEL NEGRAS TALLE 30',950.0,1000.0,500.0,1,22,4,0,800.0),
 (9,'CF2835030236','BERMUDA ALGODÓN MARBEL NEGRAS TALLE 36',950.0,1000.0,500.0,1,22,4,0,800.0),
 (10,'8507180120365','JEAN NEGRO TALLE 28',950.0,1000.0,500.0,1,17,2,0,800.0),
 (11,'1030057909833','PANTALON DE VESTIR NEGRO CORTE CHINO TALLE 34',1200.0,1000.0,500.0,1,17,8,0,800.0),
 (12,'3734608310564','PANTALON DE VESTIR NEGRO CORTE CHINO TALLE 36 AZUL',1200.0,1000.0,500.0,2,17,8,0,800.0),
 (13,'3090543124988','PANTALON DE VESTIR NEGRO CORTE CHINO TALLE 36 NEGR',1200.0,1000.0,500.0,1,17,8,0,800.0),
 (14,'1379826030768','PANTALON DE VESTIR NEGRO CORTE CHINO TALLE 38',1200.0,1000.0,500.0,4,17,8,0,800.0),
 (15,'6269496378824','PANTALON DE VESTIR NEGRO CORTE CHINO TALLE 40',1200.0,1000.0,500.0,3,17,8,0,800.0),
 (16,'3936443586030','CAMISA DE HOMBRE',800.0,1000.0,500.0,8,20,9,0,800.0),
 (17,'5242390068658','MALLA ESTAMPADA TALLE 38',990.0,1000.0,500.0,1,18,3,0,800.0),
 (18,'9150245385798','MALLA ESTAMPADA TALLE 36',990.0,1000.0,500.0,1,18,4,0,800.0),
 (19,'1472973984004','MUSCULOSA BLANCA',450.0,1000.0,500.0,1,19,6,0,800.0),
 (20,'1850363973119','TOP BLANCO CON VUELO',450.0,1000.0,500.0,1,24,10,0,800.0),
 (21,'9474626026170','JUMPER ROJO DE BENGALINA',700.0,1000.0,500.0,1,25,11,0,800.0),
 (22,'9167601133214','JARDINERO CAMUFLADO',800.0,1000.0,500.0,1,25,12,0,800.0),
 (23,'7727521565643','VESTIDO FLOREADO',650.0,1000.0,500.0,2,26,2,0,800.0),
 (24,'8299739362646','VESTIDO LARGO BORDADO BLANCO',800.0,1000.0,500.0,1,26,13,0,800.0),
 (25,'5378389646603','VESTIDO LARGO BORDADO CELESTE',800.0,1000.0,500.0,1,26,13,0,800.0),
 (26,'4252549264474','VESTIDO DE FIESTA BLANCO',990.0,1000.0,500.0,1,26,13,0,800.0),
 (27,'6203809292841','VESTIDO NEGRO',1260.0,1000.0,500.0,1,26,13,0,800.0),
 (28,'4118779065598','VESTIDO ALGODÓN A RAYAS',600.0,1000.0,500.0,1,26,16,0,800.0),
 (29,'9561506647249','VESTIDO ESTRELLA NEGRO CON VOLADO',600.0,1000.0,500.0,1,26,13,0,800.0),
 (30,'7126874073551','VESTIDO DE ALGODÓN',600.0,1000.0,500.0,1,26,13,0,800.0),
 (31,'4954729851923','VESTIDO DE ALGODÓN NEGRO',600.0,1000.0,500.0,1,26,42,0,800.0),
 (32,'4565214204829','VESTIDO DE FIESTA BLANCO',500.0,1000.0,500.0,1,26,15,0,800.0),
 (33,'4487909209653','VESTIDO DE ALGODÓN',600.0,1000.0,500.0,1,26,2,0,800.0),
 (34,'3619678663157','VESTIDO NEGRO DE FIESTA',750.0,1000.0,500.0,1,26,2,0,800.0),
 (35,'3957000909734','VESTIDO BORDADO',1100.0,1000.0,500.0,1,26,24,0,800.0),
 (36,'7095663953582','MONO DE FIESTA NEGRO CORTO',950.0,1000.0,500.0,1,26,13,0,800.0),
 (37,'3875936870600','MONO LARGO NEGRO',1300.0,1000.0,500.0,1,26,2,0,800.0),
 (38,'1588386060089','VESTIDO FIESTA CON BRILLO',450.0,1000.0,500.0,1,26,13,0,800.0),
 (39,'9896250351525','VESTIDO LARGO ROJO CON PIEDRAS',850.0,1000.0,500.0,1,26,2,0,800.0),
 (40,'1520027463781','VESTIDO ROJO DE FIESTA',650.0,1000.0,500.0,1,26,2,0,800.0),
 (41,'3585839833465','TRAJE POLLERA Y CHAQUETA ROJO',1200.0,1000.0,500.0,1,37,2,0,800.0),
 (42,'4750231446530','VESTIDO ROJO',800.0,1000.0,500.0,1,26,18,0,800.0),
 (43,'5351981657345','VESTIDO CORTO ESTAMPADO',600.0,1000.0,500.0,1,26,13,0,800.0),
 (44,'2636844926602','KIMONO MOSTAZA',900.0,1000.0,500.0,1,41,35,0,800.0),
 (45,'1876142611546','CONJUNTO KIMONO REMERA',900.0,1000.0,500.0,1,37,35,0,800.0),
 (46,'5736190279159','KIMONO FLOREADO AMARILLO',800.0,1000.0,500.0,1,41,2,0,800.0),
 (47,'3068282727241','KIMONO FLOREADO NEGRO',800.0,1000.0,500.0,1,41,2,0,800.0),
 (48,'6893099238874','VESTIDO VERDE LARGO DE FIESTA',1200.0,1000.0,500.0,1,26,2,0,800.0),
 (49,'2971273553297','VESTIDO DE FIESTA SALMON',800.0,1000.0,500.0,1,26,2,0,800.0),
 (50,'8548017585360','MONO CORTO AZUL BORDADO',800.0,1000.0,500.0,1,26,44,0,800.0),
 (51,'3624417739314','VESTIDO FLOREADO',600.0,1000.0,500.0,1,26,27,0,800.0),
 (52,'3075673585717','VESTIDO ALGODÓN GRIS',600.0,1000.0,500.0,1,26,13,0,800.0),
 (53,'9011999685056','VESTIDO ALGODÓN GRIS',600.0,1000.0,500.0,1,26,2,0,800.0),
 (54,'7094006197928','VESTIDO FLOREADO FIBRANA',650.0,1000.0,500.0,1,26,2,0,800.0),
 (55,'6896689681715','VESTIDO CORTO ESTAMPADO',600.0,1000.0,500.0,1,26,13,0,800.0),
 (56,'1997011262772','VESTIDO NEGRO DE MORLEY',650.0,1000.0,500.0,1,26,13,0,800.0),
 (57,'2236115333339','POLLERA LARGA',600.0,1000.0,500.0,1,26,2,0,800.0),
 (58,'7274240723835','VESTIDO VERDE CORTO',820.0,1000.0,500.0,1,26,24,0,800.0),
 (59,'7688640146017','BODY ROJO CON ARGOLLA',520.0,1000.0,500.0,1,55,2,0,800.0),
 (60,'3457961374799','BODY SALMON',520.0,1000.0,500.0,1,55,2,0,800.0),
 (61,'7722527232209','BODY NEGRO CON LENTEJUELA',590.0,1000.0,500.0,1,55,2,0,800.0),
 (62,'4454993491318','BODY BLANCO CON RAYA ROJO',550.0,1000.0,500.0,1,55,2,0,800.0),
 (63,'4730150891673','BODY BLANCO CON RAYA BLANCO',550.0,1000.0,500.0,1,55,2,0,800.0),
 (64,'9429115516212','TOP ROJO RAYADO',400.0,1000.0,500.0,1,24,2,0,800.0),
 (65,'6057996004677','TOP CREPE VOLADOS FRENTE NEGRO',350.0,1000.0,500.0,1,24,34,0,800.0),
 (66,'1039800','BLUSA MUPPETS',450.0,1000.0,500.0,1,32,18,0,800.0),
 (67,'2209910938740','TOP ROJO CON PERLA',350.0,1000.0,500.0,1,24,2,0,800.0),
 (68,'9228857074277','TOP ROJO CON TUL',400.0,1000.0,500.0,1,24,2,0,800.0),
 (69,'9618477793366','TOP VERDE',350.0,1000.0,500.0,1,24,2,0,800.0),
 (70,'8978560290693','TOP NEGRO CON LAZO',350.0,1000.0,500.0,1,24,2,0,800.0),
 (71,'8645359952253','TOP NEGRO CON VOLADO',450.0,1000.0,500.0,2,24,2,0,800.0),
 (72,'9229856990117','TOP NEGRO CIERRE ESPALDA',850.0,1000.0,500.0,1,24,2,0,800.0),
 (73,'5985561826014','GORRA ROJA DAMA',400.0,1000.0,500.0,1,27,2,0,800.0),
 (74,'3565822020669','PERFUME PARA ROPA',400.0,1000.0,500.0,2,27,2,0,800.0),
 (75,'8432887468871','DOSIFICADOR AMBIENTE',250.0,1000.0,500.0,2,27,2,0,800.0),
 (76,'2047860','TOP SABRINA',450.0,1000.0,500.0,1,24,18,0,800.0),
 (77,'8328949189856','TOP NEGRO CON TACHA',440.0,1000.0,500.0,1,24,2,0,800.0),
 (78,'2978728026788','TOP NEGRO MORLEY',250.0,1000.0,500.0,1,24,2,0,800.0),
 (79,'9828929702116','TOP BLANCO POLERA',400.0,1000.0,500.0,1,24,2,0,800.0),
 (80,'3692762488874','TOP ELASTISADO ROJO',400.0,1000.0,500.0,1,24,2,0,800.0),
 (81,'2336514139683','TOP ELASTISADO BLANCO',400.0,1000.0,500.0,1,24,2,0,800.0),
 (82,'6456194844991','TOP ELASTICO BLANCO CUERDA',400.0,1000.0,500.0,1,24,12,0,800.0),
 (83,'9522031739571','TOP CON FRUNCE NEGRO',350.0,1000.0,500.0,1,24,2,0,800.0),
 (84,'8671128789324','TOP CON FRUNCE BLANCO',350.0,1000.0,500.0,1,24,2,0,800.0),
 (85,'8058630493862','TOP FLOREADO ROJO',400.0,1000.0,500.0,1,24,2,0,800.0),
 (86,'1261826584221','BLUSA ROSA',450.0,1000.0,500.0,1,32,2,0,800.0),
 (87,'9191933520527','TOP ROSA',490.0,1000.0,500.0,1,24,2,0,800.0),
 (88,'8833340642584','BLUSA ROSA ESTRELLA',450.0,1000.0,500.0,1,32,2,0,800.0),
 (89,'9528265144877','TOP ROSA CON PUNTILLA',640.0,1000.0,500.0,1,24,2,0,800.0),
 (90,'8993687997805','TOP ROSA DE ENCAJE',450.0,1000.0,500.0,1,24,2,0,800.0),
 (91,'7260710005624','BLUSA AMARILLA',450.0,1000.0,500.0,1,32,2,0,800.0),
 (92,'7119420193766','BLUSA BLANCA CON VOLADOS',650.0,1000.0,500.0,1,32,2,0,800.0),
 (93,'2047150','MUSCULOSA MIMOSA',400.0,1000.0,500.0,1,45,18,0,800.0),
 (94,'6351267967921','BERMUDA JEAN CON ROTURA TALLE 28',800.0,1000.0,500.0,1,22,2,0,800.0),
 (95,'7825464884927','BERMUDA JEAN CON ROTURA TALLE 34',800.0,1000.0,500.0,1,22,2,0,800.0),
 (96,'6903838799044','BERMUDA JEAN CON ROTURA TALLE 46',800.0,1000.0,500.0,1,22,2,0,800.0),
 (97,'4142670368076','BERMUDA GABARDINA ELASTIZADA CORAL TALLE 31',1100.0,1000.0,500.0,1,22,32,0,800.0),
 (98,'5054772841212','BERMUDA GABARDINA ELASTIZADA ROJO TALLE 32',1100.0,1000.0,500.0,1,22,32,0,800.0),
 (99,'4883803077006','BERMUDA GABARDINA ELASTIZADA CORAL TALLE 34',1100.0,1000.0,500.0,1,22,32,0,800.0),
 (100,'3523458322281','BERMUDA GABARDINA ELASTIZADA BEIGE TALLE 31',1100.0,1000.0,500.0,1,22,32,0,800.0),
 (101,'1472192360559','BERMUDA GABARDINA ELASTIZADA VERDE MILITA TALLE 36',1100.0,1000.0,500.0,1,22,32,0,800.0),
 (102,'3152501072806','BERMUDA GABARDINA ELASTIZADA VERDE MANZAN TALLE 36',1100.0,1000.0,500.0,1,22,32,0,800.0),
 (103,'4989314899585','BERMUDA GABARDINA ELASTIZADA CRUDO TALLE 52',1100.0,1000.0,500.0,1,22,32,0,800.0),
 (104,'2593271716148','BERMUDA GABARDINA ELASTIZADA AZUL ELCTRIC TALLE 34',1100.0,1000.0,500.0,1,22,32,0,800.0),
 (105,'7673153124836','BERMUDA GABARDINA ELASTIZADA VERDE TALLE 52',1100.0,1000.0,500.0,1,22,32,0,800.0),
 (106,'9573800978905','BERMUDA GABARDINA ELASTIZADA GRIS TALLE 52',1100.0,1000.0,500.0,1,22,32,0,800.0),
 (107,'8186589627493','BERMUDA GABARDINA ELASTIZADA AZUL TALLE 52',1100.0,1000.0,500.0,1,22,32,0,800.0),
 (108,'3860008075229','BERMUDA CAMUFLADA TALLE 32',1200.0,1000.0,500.0,2,22,32,0,800.0),
 (109,'7569260790555','BERMUDA CAMUFLADA TALLE 34',1200.0,1000.0,500.0,1,22,32,0,800.0),
 (110,'5975579901544','BERMUDA CAMUFLADA TALLE 30',1200.0,1000.0,500.0,3,22,32,0,800.0),
 (111,'9197114141987','BERMUDA CAMUFLADA TALLE 36',1200.0,1000.0,500.0,1,22,32,0,800.0),
 (112,'9203226530806','BERMUDA CAMUFLADA TALLE 50',1200.0,1000.0,500.0,1,22,32,0,800.0),
 (113,'5500142020256','BERMUDA CAMUFLADA TALLE 52',1200.0,1000.0,500.0,1,22,32,0,800.0),
 (114,'2990382026935','BERMUDA CAMUFLADA TALLE 38',1200.0,1000.0,500.0,2,22,32,0,800.0),
 (115,'1121184941107','CONJUNTO PANTALON Y TOP DE FIBRANA RAYADO',750.0,1000.0,500.0,1,37,14,0,800.0),
 (116,'3109208072516','CONJUNTO PANTALON Y TOP DE FIBRANA FLOREADO ROSA',750.0,1000.0,500.0,1,37,14,0,800.0),
 (117,'8715118577093','CONJUNTO PANTALON Y TOP DE FIBRANA FLOREADO BLANCO',750.0,1000.0,500.0,1,37,14,0,800.0),
 (118,'1277907333299','BLUSA BLANCA CON BRODERY',590.0,1000.0,500.0,1,32,2,0,800.0),
 (119,'5811818583983','MUSCULOSA BEACH',350.0,1000.0,500.0,1,45,13,0,800.0),
 (120,'9749607677680','BLUSA BLANCA CON AZUL',570.0,1000.0,500.0,1,32,2,0,800.0),
 (121,'4477659705680','VESTIDO FIESTA BLANCO CORTO',690.0,1000.0,500.0,1,26,2,0,800.0),
 (122,'2279877534750','VESTIDO DE FIESTA NEGRO Y BEIGE',600.0,1000.0,500.0,2,26,13,0,800.0),
 (123,'7810457623546','TOP BLANCO CON TIRAS NEGRAS',400.0,1000.0,500.0,1,24,35,0,800.0),
 (124,'7930368005924','BLUSA RAYADA',500.0,1000.0,500.0,1,32,35,0,800.0),
 (125,'9206994552261','VESTIDO DE FIESTA',990.0,1000.0,500.0,7,26,15,0,800.0),
 (126,'7316663336923','BLUSA BORDADA EN ESPALDA',790.0,1000.0,500.0,3,32,32,0,800.0),
 (127,'5148388852158','BLUSA FUCHSIA',450.0,1000.0,500.0,1,32,34,0,800.0),
 (128,'1612258297041','BLUSA SIN MANGA NEGRA',400.0,1000.0,500.0,1,32,2,0,800.0),
 (129,'8994710194277','VESTIDO FIBRANA TALLE ESPECIAL',800.0,1000.0,500.0,6,26,44,0,800.0),
 (130,'2930508593835','BLUSA SIN MARGA BLANCA CON BRODERY',550.0,1000.0,500.0,1,32,2,0,800.0),
 (131,'8074676633246','BLUSA BLANCA CON CHARRETERA',700.0,1000.0,500.0,1,32,2,0,800.0),
 (132,'6159949578010','REMERA CON HOMBRERA',500.0,1000.0,500.0,1,10,2,0,800.0),
 (133,'7456777671210','CAMISA DE JEAN',800.0,1000.0,500.0,1,35,6,0,800.0),
 (134,'4298136686816','MUSCULOSA FIBRANA ESTAMPADA TURQUESA',350.0,1000.0,500.0,1,45,2,0,800.0),
 (135,'6713414665515','BLUSA CELESTE BORDADA CON BRODERY',700.0,1000.0,500.0,1,32,24,0,800.0),
 (136,'8644012537424','MUSCULOSA ESTAMPADA FLOREADA MARRON',500.0,1000.0,500.0,1,45,13,0,800.0),
 (137,'8729952973522','BLUSA VERDE CON HOJAS',500.0,1000.0,500.0,1,32,40,0,800.0),
 (138,'5300404512211','MUSCULOSA DE VESTIR VERDE',400.0,1000.0,500.0,1,45,17,0,800.0),
 (139,'8736957117707','MUSCULOSA DE VESTIR MARRON',400.0,1000.0,500.0,1,45,17,0,800.0),
 (140,'7516276836074','VESTIDO DE FIESTA BLANCO',800.0,1000.0,500.0,6,26,2,0,800.0),
 (141,'9761917538659','CAMISA DE SEDA VIOLETA',500.0,1000.0,500.0,1,35,2,0,800.0),
 (142,'2941934276117','BLUSA MANGAS LARGAS COLOR NEW BUFANDA EN CUELLO',590.0,1000.0,500.0,1,32,24,0,800.0),
 (143,'6842263341919','BLUSA MANGAS LARGAS COLOR NEW BORDADA',900.0,1000.0,500.0,1,32,24,0,800.0),
 (144,'5225422524902','BLUSA TALLE ESPECIAL BLANCA',500.0,1000.0,500.0,1,32,2,0,800.0),
 (145,'6835217318549','CAMISA ROSA GATITO',1140.0,1000.0,500.0,1,35,32,0,800.0),
 (146,'7653186908498','BLUSA ROSA CON BOTON EN ESPALDA',500.0,1000.0,500.0,1,32,2,0,800.0),
 (147,'6617304134221','BLUSA ROSA ENCAJE ESPALDA',690.0,1000.0,500.0,1,32,15,0,800.0),
 (148,'6338606383550','BLUSA ROSA VOLADO',690.0,1000.0,500.0,1,32,24,0,800.0),
 (149,'1095115579328','BLUSA RAYADA ROSA',500.0,1000.0,500.0,1,32,33,0,800.0),
 (150,'8170867624403','BLUSA CON PONPON',750.0,1000.0,500.0,1,32,32,0,800.0),
 (151,'9893176580718','REMERA MANGAS LARGAS FLOREADA',550.0,1000.0,500.0,1,10,21,0,800.0),
 (152,'9901696446589','CAMISA CON BRODERY BLANCO',850.0,1000.0,500.0,1,35,24,0,800.0),
 (153,'4642177635065','CAMISA CON BRODERY ROSA RAYADA',850.0,1000.0,500.0,1,35,24,0,800.0),
 (154,'9386964058303','BLUSA FLOREADA SEMITRANSPARENTE',400.0,1000.0,500.0,1,32,2,0,800.0),
 (155,'5552104726003','BLUSA CON MUSCULOSA',1350.0,1000.0,500.0,1,32,24,0,800.0),
 (156,'4310191154946','MUSCULOSA BEIGE BORDADA',400.0,1000.0,500.0,1,45,30,0,800.0),
 (157,'5821132390839','REMERA MANGAS LARGAS CON LAZO Y CUELLO',700.0,1000.0,500.0,1,10,15,0,800.0),
 (158,'2788578751736','REMERA MANGAS LARGAS',700.0,1000.0,500.0,1,10,15,0,800.0),
 (159,'4621079594137','BLUSA NEGRA CON BLANCO',580.0,1000.0,500.0,1,32,24,0,800.0),
 (160,'4464636410989','REMERA AFRICA NEGRA',500.0,1000.0,500.0,1,10,13,0,800.0),
 (161,'6853998760081','REMERA GRIS CON ESTAMPA',400.0,1000.0,500.0,1,10,2,0,800.0),
 (162,'2659969844958','REMERA NEGRA CON VOLADOS 3/4',650.0,1000.0,500.0,1,10,24,0,800.0),
 (163,'1127568283344','BLUSA SIN MANGA RAYADA',600.0,1000.0,500.0,1,32,2,0,800.0),
 (164,'8433702116694','BLUSA NEGRA ESTAMPADA',500.0,1000.0,500.0,1,32,40,0,800.0),
 (165,'1187100012','CAMISOLA NORT NEGRA',660.0,1000.0,500.0,1,35,13,0,800.0),
 (166,'3549183081323','BLUSA NEGRA ABIERTA EN ESPALDA',650.0,1000.0,500.0,1,32,15,0,800.0),
 (167,'8776672154083','BLUSA TALLES ESPECIALES',850.0,1000.0,500.0,23,32,32,0,800.0),
 (168,'9688308800686','MUSCULOSA VOLADO NEGRO',650.0,1000.0,500.0,1,45,24,0,800.0),
 (169,'4762326368559','BLUSA SIN MANGA BORDO',400.0,1000.0,500.0,1,32,6,0,800.0),
 (170,'6099961476706','BLUSA SIN MANGA NEGRA',400.0,1000.0,500.0,1,32,6,0,800.0),
 (171,'3263348347221','CAMISOLA CON ESTRELLA',450.0,1000.0,500.0,1,35,6,0,800.0),
 (172,'9790022651779','CAMISOLA CON LUNARES',450.0,1000.0,500.0,1,35,6,0,800.0),
 (173,'2024252213016','BLUSA FRUSADA FLOREADA',700.0,1000.0,500.0,1,32,15,0,800.0),
 (174,'3224389171862','BLUSA ROJA CON TACHA',1100.0,1000.0,500.0,1,32,24,0,800.0),
 (175,'2970054193752','BLUSA ROJA CON ENCAJE',790.0,1000.0,500.0,1,32,24,0,800.0),
 (176,'3210190526380','CAMISA BLANCA SIN CUELLO',650.0,1000.0,500.0,1,35,15,0,800.0),
 (177,'2196878343818','CAMISA VOLADO PECHERA',650.0,1000.0,500.0,1,32,15,0,800.0),
 (178,'5765776303681','BLUSA MANGAS LARGAS BRODERY CUELLOS Y MANGAS',650.0,1000.0,500.0,1,32,15,0,800.0),
 (179,'1735084262691','BLUSA DE ENCAJE BLANCA MANGAS LARGAS',890.0,1000.0,500.0,1,32,24,0,800.0),
 (180,'8802815838975','CAMISA BLANCA 3/4 TALLE M',850.0,1000.0,500.0,1,35,24,0,800.0),
 (181,'2514133213339','CAMISA BLANCA 3/4 TALLE XL',850.0,1000.0,500.0,1,35,24,0,800.0),
 (182,'1040207993599','BLUSA BLANCA DE ENCAJE',840.0,1000.0,500.0,1,32,24,0,800.0),
 (183,'9848227659295','BLUSA BLANCA CON LENTEJUELA',800.0,1000.0,500.0,1,32,24,0,800.0),
 (184,'4115184972374','REMERA DE HILO BEIGE',750.0,1000.0,500.0,1,10,32,0,800.0),
 (185,'9634457425348','REMERA DE HILO BLANCO',750.0,1000.0,500.0,1,10,32,0,800.0),
 (186,'1007108884746','BLUSA BLANCA CON BRODERY',800.0,1000.0,500.0,1,32,32,0,800.0),
 (187,'9658390257132','BLUSA SIN MANGA BEIGE',400.0,1000.0,500.0,1,32,13,0,800.0),
 (188,'1968413969569','BLUSA SIN MANGA ROJA',500.0,1000.0,500.0,1,32,2,0,800.0),
 (189,'7578024301685','BLUSA SIN MANGA BLANCA FIBRANA',500.0,1000.0,500.0,1,32,2,0,800.0),
 (190,'8748075383704','BLUSA SIN MANGA BLANCA SEDA',500.0,1000.0,500.0,1,32,2,0,800.0),
 (191,'1039960','BLUSA BREAKING',690.0,1000.0,500.0,1,32,18,0,800.0),
 (192,'9803921299512','BLUSA MOSTAZA CON PERLAS MANGAS LARGAS',450.0,1000.0,500.0,1,32,2,0,800.0),
 (193,'7397017591038','BLUSA BLANCA CON BRODERY',780.0,1000.0,500.0,1,32,2,0,800.0),
 (194,'3469855268367','BLUSA ROJA CON ENCAJE SIN MANGA',600.0,1000.0,500.0,1,32,2,0,800.0),
 (195,'9820141461260','BLUSA FLOREADA CON PECHERA',450.0,1000.0,500.0,1,32,13,0,800.0),
 (196,'5254373687343','BLUSA CON TACHA',730.0,1000.0,500.0,1,32,13,0,800.0),
 (197,'4502726749837','BLUSA NEGRA BORDADA FLORE',750.0,1000.0,500.0,1,32,15,0,800.0),
 (198,'4225101139718','BLUSA FIBRANA ESTAMPADA AZUL',450.0,1000.0,500.0,1,32,2,0,800.0),
 (199,'6681424309470','BLUSA FIBRANA ESTAMPADA VERDE',450.0,1000.0,500.0,1,32,2,0,800.0),
 (200,'9000321421400','BLUSIA DOBLE FUCHSIA',500.0,1000.0,500.0,1,32,2,0,800.0),
 (201,'5005960052453','BLUSA INCAICA NARANJA',600.0,1000.0,500.0,1,32,2,0,800.0),
 (202,'ZN2951221216','REMERA MATWEC TALLE 16',500.0,1000.0,500.0,1,1,3,0,800.0),
 (203,'ZN2951040216','REMERA SILA TALLE 16',500.0,1000.0,500.0,1,1,3,0,800.0),
 (204,'CJ2851040112','REMERA CIRCUS TALLE 12',500.0,1000.0,500.0,1,1,4,0,800.0),
 (205,'ZN2951110210','REMERA PXA TALLE 10',500.0,1000.0,500.0,1,1,3,0,800.0),
 (206,'ZH19511002M','REMERA ADOMA TALLE M',600.0,1000.0,500.0,1,1,3,0,800.0),
 (207,'ZH195117013XL','REMERA OCEAN TALLE 3XL',620.0,1000.0,500.0,1,1,3,0,800.0),
 (208,'ZH18513401L','REMERA BLIPU TALLE L',450.0,1000.0,500.0,1,1,3,0,800.0),
 (209,'CF27512308XXL','REMERA DIAMOND TALLE XXL',600.0,1000.0,500.0,1,1,4,0,800.0),
 (210,'ZH19512801XXL','REMERA PRESCA TALLE XXL',600.0,1000.0,500.0,1,1,3,0,800.0),
 (211,'CF28515704XXL','REMERA SIMPLE TALLE XXL',550.0,1000.0,500.0,1,1,4,0,800.0),
 (212,'ZH29514310XXL','REMERA BIGPIG TALLE XXL',550.0,1000.0,500.0,1,1,3,0,800.0),
 (213,'CF18510508XXL','REMERA BLUE TALLE XXL',800.0,1000.0,500.0,2,1,4,0,800.0),
 (214,'ZH29512421XXL','REMERA PUNK TALLE XXL',550.0,1000.0,500.0,1,1,3,0,800.0),
 (215,'ZH18510110XXL','REMERA YANT TALLE XXL',600.0,1000.0,500.0,1,1,3,0,800.0),
 (216,'ZH18510113XL','REMERA YANT TALLE XL',600.0,1000.0,500.0,1,1,3,0,800.0),
 (217,'ZH17515001XL','REMERA FIBER TALLE XL',500.0,1000.0,500.0,1,1,3,0,800.0),
 (218,'CF27518701XL','REMERA V-NECK REM MC TALLE XL',550.0,1000.0,500.0,1,1,4,0,800.0),
 (219,'CF28514609XL','REMERA ROASH TALLE XL',600.0,1000.0,500.0,1,1,4,0,800.0),
 (220,'ZH18510402M','REMERA PAOLI TALLE M',600.0,1000.0,500.0,1,1,3,0,800.0),
 (221,'2750269220418','REMERAS PROMO HOMBRE',450.0,1000.0,500.0,36,1,2,0,800.0),
 (222,'ZH17515005M','REMERA FIBER TALLE M',550.0,1000.0,500.0,1,1,3,0,800.0),
 (223,'CF19511114M','REMERA CIVIC TALLE M',590.0,1000.0,500.0,1,4,4,0,800.0),
 (224,'CF27514806M','REMERA FASES TALLE M',600.0,1000.0,500.0,1,1,4,0,800.0),
 (225,'CF28517604M','REMERA LUPAI TALLE M',600.0,1000.0,500.0,1,1,4,0,800.0),
 (226,'CF28514404M','REMERA FISH TALLE M',590.0,1000.0,500.0,1,1,4,0,800.0),
 (227,'CF18510187M','REMERA DEVOR TALLE M',600.0,1000.0,500.0,1,1,4,0,800.0),
 (228,'CF28518621M','REMERA CIRCUS TALLE M',600.0,1000.0,500.0,1,1,4,0,800.0),
 (229,'ZH19511001M','REMERA ADOMA TALLE M',620.0,1000.0,500.0,1,1,3,0,800.0),
 (230,'ZH18510106L','REMERA YANT TALLE L',700.0,1000.0,500.0,2,1,3,0,800.0),
 (231,'ZH29512612S','REMERA BLUES TALLE S',550.0,1000.0,500.0,1,1,3,0,800.0),
 (232,'CF28517512S','REMERA SWEEPER TALLE S',600.0,1000.0,500.0,1,1,4,0,800.0),
 (233,'CF18511804S','REMERA DEVIS TALLE S',450.0,1000.0,500.0,1,1,4,0,800.0),
 (234,'CF28515001S','REMERA FRY TALLE S',590.0,1000.0,500.0,1,1,4,0,800.0),
 (235,'CF28513101S','REMERA WAVE TALLE S',700.0,1000.0,500.0,1,1,4,0,800.0),
 (236,'CF17512201S','REMERA VOXED TALLE S',500.0,1000.0,500.0,1,1,4,0,800.0),
 (237,'ZN2951010412','REMERA CANIMAC TALLE 12',600.0,1000.0,500.0,1,1,3,0,800.0),
 (238,'ZH29516201XL','REMERA RAZER TALLE XL',550.0,1000.0,500.0,1,1,3,0,800.0),
 (239,'ZH18513406XL','REMERA BLIPU TALLE XL',450.0,1000.0,500.0,1,1,3,0,800.0),
 (240,'CF185107¡MXL','REMERA ABLE TALLE XL',800.0,1000.0,500.0,0,1,4,0,800.0),
 (241,'CF28514010XL','REMERA CASUAL TALLE XL',550.0,1000.0,500.0,1,1,4,0,800.0),
 (242,'CF19512109XL','REMERA ATUN TALLE XL',650.0,1000.0,500.0,1,1,4,0,800.0),
 (243,'ZH18510110XL','REMERA YANT TALLE XL',600.0,1000.0,500.0,1,1,3,0,800.0),
 (244,'CF28518108XL','REMERA LAND TALLE XL',620.0,1000.0,500.0,1,1,4,0,800.0),
 (245,'CF28510707L','REMERA NAT TALLE L',800.0,1000.0,500.0,1,1,4,0,800.0),
 (246,'CF27518702L','REMERA V-NECK TALLE L',550.0,1000.0,500.0,1,1,4,0,800.0),
 (247,'ZH18510113L','REMERA YANT TALLE L',600.0,1000.0,500.0,1,1,3,0,800.0),
 (248,'ZH18510507L','REMERA COSMOS TALLE L',600.0,1000.0,500.0,1,1,3,0,800.0),
 (249,'CF18514001L','REMERA FAR TALLE L',600.0,1000.0,500.0,1,1,4,0,800.0),
 (250,'CF18512509L','REMERA COLA TALLE L',450.0,1000.0,500.0,1,1,4,0,800.0),
 (251,'CF18510508L','REMERA BLUE TALLE L',800.0,1000.0,500.0,1,1,4,0,800.0),
 (252,'CF18510394L','REMERA ROTA TALLE L',500.0,1000.0,500.0,11,1,4,0,800.0),
 (253,'ZH19511002L','REMERA ADOMA TALLE L',590.0,1000.0,500.0,1,1,3,0,800.0),
 (254,'ZH29517607L','REMERA FLANNING TALLE L',550.0,1000.0,500.0,1,1,3,0,800.0),
 (255,'9556900603212','AROS',150.0,1000.0,500.0,6,27,2,0,800.0),
 (256,'2045240','KIMONO COLOR CRUDO',900.0,1000.0,500.0,1,41,35,0,800.0),
 (257,'2493052705647','PULSERAS CON PERLAS',250.0,1000.0,500.0,13,27,2,0,800.0),
 (258,'ZH07030200M','BOXER JURT TALLE M POR 2',450.0,1000.0,500.0,1,6,3,0,800.0),
 (259,'ZH07030200S5','BOXER JURT TALLE S POR 2',450.0,1000.0,500.0,3,6,3,0,800.0),
 (260,'CF08030102SP','BOXER STRIPE TALLE S POR 2',450.0,1000.0,500.0,1,6,4,0,800.0),
 (261,'ZH00020021XXL','BOXER LASTIC TALLE XXL',350.0,1000.0,500.0,1,6,3,0,800.0),
 (262,'ZH00020021L','BOXER LASTIC TALLE L',350.0,1000.0,500.0,1,6,3,0,800.0),
 (263,'ZH000200213XL','BOXER LASTIC TALLE 3XL',350.0,1000.0,500.0,1,6,3,0,800.0),
 (264,'ZH00020021M','BOXER LASTIC TALLE M',350.0,1000.0,500.0,1,6,3,0,800.0),
 (265,'ZH00020021XL','BOXER LASTIC TALLE XL',350.0,1000.0,500.0,1,6,3,0,800.0),
 (266,'ZH00020002S','BOXER LASTIC TALLE S',350.0,1000.0,500.0,2,6,3,0,800.0),
 (267,'7798014750266','PERFUME NET 100',600.0,1000.0,500.0,1,7,6,0,800.0),
 (268,'7798014751683','PERFUME INDIGO 100',600.0,1000.0,500.0,3,7,6,0,800.0),
 (269,'5761696719922','SOQUETES DE HOMBRE',120.0,1000.0,500.0,11,8,7,0,800.0),
 (270,'6970610226180','MEDIA SOQUETES POR 3',250.0,1000.0,500.0,1,8,2,0,800.0),
 (271,'6526225490593','SOQUETES LISO HOMBRE',100.0,1000.0,500.0,10,8,2,0,800.0),
 (272,'CF07020100U','MEDIAS LARGAS POR DOS',360.0,1000.0,500.0,1,8,4,0,800.0),
 (273,'CF07020200U','SOQUETES HOMBRE POR DOS',350.0,1000.0,500.0,2,8,4,0,800.0),
 (274,'ZH07020200U','SOQUETE INVISIBLE HOMBRE POR DOS',300.0,1000.0,500.0,2,8,3,0,800.0),
 (275,'CF07020302U','SOQUETE INVISIBLE HOMBRE POR DOS',300.0,1000.0,500.0,1,8,4,0,800.0),
 (276,'9501872092304','TIRADORES HOMBRE',280.0,1000.0,500.0,5,9,2,0,800.0),
 (277,'4227369363492','MOÑO DE HOMBRE',210.0,1000.0,500.0,3,27,2,0,800.0),
 (278,'ZH08010103100','CINTO SOCRAT MARRON 100',500.0,1000.0,500.0,1,11,3,0,800.0),
 (279,'CF0801530395','CINTO TRIGAN MARRON 95',500.0,1000.0,500.0,2,11,4,0,800.0),
 (280,'CF08015302105','CINTO TRIGAN NEGRO 105',500.0,1000.0,500.0,1,11,4,0,800.0),
 (281,'CF08015102100','CINTO ALIYAN NEGRO 100',500.0,1000.0,500.0,1,11,4,0,800.0),
 (282,'ZH07010403110','CINTO YACO MARRON 110',500.0,1000.0,500.0,1,11,3,0,800.0),
 (283,'ZH07010610105','CINTO GRUX TELA 105',400.0,1000.0,500.0,1,11,3,0,800.0),
 (284,'ZH07041810U','BILLETERA EBERT GRIS',600.0,1000.0,500.0,2,12,3,0,800.0),
 (285,'ZH07041802U','BILLETERA EBERT NEGRO',600.0,1000.0,500.0,1,12,3,0,800.0),
 (286,'ZH070417A2U','BILLETERA NOVIL MARRON',600.0,1000.0,500.0,2,12,3,0,800.0),
 (287,'ZH07040810U','BILLETERA GRISE',600.0,1000.0,500.0,1,12,3,0,800.0),
 (288,'ZH07100002U','RIÑONERA PIORNE NEGRA',550.0,1000.0,500.0,1,13,3,0,800.0),
 (289,'ZH07002102U','GORRA SMOKE NEGRA',600.0,1000.0,500.0,1,62,3,0,800.0),
 (290,'ZH06000202U','GORRA CAMUFLADA',400.0,1000.0,500.0,1,62,3,0,800.0),
 (291,'(ZH09000214U(','GORRA FINA',600.0,1000.0,500.0,2,62,3,0,800.0),
 (292,'6472172116256','BABUCHA GRIS CON NEGRO',650.0,1000.0,500.0,2,29,26,0,800.0),
 (293,'6969922239483','BABUCHA GRIS',920.0,1000.0,500.0,1,29,26,0,800.0),
 (294,'2872787803307','PALAZO NEGRO',800.0,1000.0,500.0,1,46,15,0,800.0),
 (295,'6689721888209','PALAZO BORDO',800.0,1000.0,500.0,1,46,15,0,800.0),
 (296,'6004011233260','CALZA COLOR LADRILLO',750.0,1000.0,500.0,1,34,56,0,800.0),
 (297,'5949210231970','CALZA COLOR VERDE',750.0,1000.0,500.0,1,34,26,0,800.0),
 (298,'3989072029348','CALZA COLOR NEGRO',750.0,1000.0,500.0,1,34,54,0,800.0),
 (299,'9411583444333','CALZA COMBINADA NEGRO GRIS Y BLANCO',750.0,1000.0,500.0,1,34,26,0,800.0),
 (300,'9095840827819','CALZA NEGRA SUPLE',750.0,1000.0,500.0,3,34,26,0,800.0),
 (301,'6032685705189','PANTALON DE VESTIR CORTE CHINO BORDO TALLE S',1160.0,1000.0,500.0,1,47,24,0,800.0),
 (302,'4553640175868','PANTALON DE VESTIR CORTE CHINO BORDO TALLE M',1160.0,1000.0,500.0,1,47,24,0,800.0),
 (303,'7175618120457','PANTALON DE VESTIR CORTE CHINO BORDO TALLE L',1160.0,1000.0,500.0,1,47,24,0,800.0),
 (304,'2662739743689','PANTALON DE VESTIR CORTE CHINO NEGRO TALLE MQ',1160.0,1000.0,500.0,1,47,24,0,800.0),
 (305,'3461280628655','PANTALON DE VESTIR CORTE CHINO NEGRO TALLE S',1190.0,1000.0,500.0,1,17,24,0,800.0),
 (306,'5768173687033','PANTALON DE VESTIR CORTE CHINO NEGRO TALLE L',1160.0,1000.0,500.0,1,47,24,0,800.0),
 (307,'6194906605767','PANTALON NEGRO CON TIRAS',850.0,1000.0,500.0,1,47,13,0,800.0),
 (308,'4370389644376','PANTALON NEGRO CON TIRAS BLANCAS',850.0,1000.0,500.0,1,47,20,0,800.0),
 (309,'8401357102270','BABUCHA VERDE DE BENGALINA',950.0,1000.0,500.0,3,29,20,0,800.0),
 (310,'ZH07001617U','GORRA NIUS',600.0,1000.0,500.0,1,62,3,0,800.0),
 (311,'CF08000709U','GORRA REDFRY',500.0,1000.0,500.0,1,62,4,0,800.0),
 (312,'ZH07002204U','GORRA BRAMI',500.0,1000.0,500.0,1,62,3,0,800.0),
 (313,'ZH070028Ñ2U','GORRA VOC MARRON',600.0,1000.0,500.0,1,62,3,0,800.0),
 (314,'ZH07003006U','GORRA FLEYTA VERDE',550.0,1000.0,500.0,1,62,3,0,800.0),
 (315,'ZH07003403U','GORRA DRESA GRIS',600.0,1000.0,500.0,1,62,3,0,800.0),
 (316,'ZH07002904U','GORRA KINEL AZUL',600.0,1000.0,500.0,1,62,3,0,800.0),
 (317,'ZH09000515U','GORRA TEHUEN',600.0,1000.0,500.0,1,62,3,0,800.0),
 (318,'ZH09080109U','BOLSO STRAUS',1000.0,1000.0,500.0,1,15,3,0,800.0),
 (319,'CF07120348U','MOCHILA TOURE',1500.0,1000.0,500.0,1,16,4,0,800.0),
 (320,'ZH09120102U','MOCHILA CHAMELEON',1600.0,1000.0,500.0,1,16,3,0,800.0),
 (321,'ZH09120813U','MOCHILA BOMBIT',1550.0,1000.0,500.0,1,16,3,0,800.0),
 (322,'CF0712017U','MOCHILA LIAN',1500.0,1000.0,500.0,1,16,4,0,800.0),
 (323,'ZH09120904U','MOCHILA MAXI',1600.0,1000.0,500.0,1,16,3,0,800.0),
 (324,'ZH07120902U','MOCHILA PARTNE',1900.0,1000.0,500.0,1,16,3,0,800.0),
 (325,'ZH071205EU','MOCHILA GEBRU',800.0,1000.0,500.0,1,16,3,0,800.0),
 (326,'CF274118HM34','MALLA ESTAMPADA TALLE 34',990.0,1000.0,500.0,1,18,4,0,800.0),
 (327,'ZH2942031028','MALLA ESTAMPADA TALLE 28',990.0,1000.0,500.0,1,18,3,0,800.0),
 (328,'ZH2942120736','MALLA ESTAMPADA TALLE 36',990.0,1000.0,500.0,1,18,3,0,800.0),
 (329,'ZH2941030630','MALLA ESTAMPADA TALLE 30',990.0,1000.0,500.0,1,18,3,0,800.0),
 (330,'ZH2942040636','MALLA ESTAMPADA TALLE 36',990.0,1000.0,500.0,1,18,3,0,800.0),
 (331,'ZH2942050634','MALLA ESTAMPADA TALLE 34',990.0,1000.0,500.0,1,18,3,0,800.0),
 (332,'ZH2942060128','MALLA ESTAMPADA TALLE 28',990.0,1000.0,500.0,1,18,3,0,800.0),
 (333,'ZH2741020636','MALLA ESTAMPADA TALLE 36',990.0,1000.0,500.0,1,18,3,0,800.0),
 (334,'ZH2942131132','MALLA ESTAMPADA TALLE 32',990.0,1000.0,500.0,1,18,3,0,800.0),
 (335,'ZH2941021436','MALLA ESTAMPADA TALLE 36',990.0,1000.0,500.0,1,18,3,0,800.0),
 (336,'ZH2942170436','MALLA ESTAMPADA TALLE 36',990.0,1000.0,500.0,1,18,3,0,800.0),
 (337,'ZH2741090638','MALLA ESTAMPADA TALLE 38',990.0,1000.0,500.0,1,18,3,0,800.0),
 (338,'ZH2741150630','MALLA ESTAMPADA TALLE 30',990.0,1000.0,500.0,1,18,3,0,800.0),
 (339,'ZH2942050136','MALLA ESTAMPADA TALLE 36',990.0,1000.0,500.0,1,18,3,0,800.0),
 (340,'ZH2941010434','MALLA ESTAMPADA TALLE 34',990.0,1000.0,500.0,1,18,3,0,800.0),
 (341,'ZH2942020138','MALLA ESTAMPADA TALLE 38',990.0,1000.0,500.0,1,18,3,0,800.0),
 (342,'ZH2942161234','MALLA ESTAMPADA TALLE 34',990.0,1000.0,500.0,1,18,3,0,800.0),
 (343,'ZH2942111036','MALLA ESTAMPADA TALLE 36',990.0,1000.0,500.0,1,18,3,0,800.0),
 (344,'ZH2942101736','MALLA ESTAMPADA TALLE 36',990.0,1000.0,500.0,1,18,3,0,800.0),
 (345,'ZH2741050736','MALLA ESTAMPADA TALLE 36',990.0,1000.0,500.0,1,18,3,0,800.0),
 (346,'ZH2942091136','MALLA ESTAMPADA TALLE 36',990.0,1000.0,500.0,1,18,3,0,800.0),
 (347,'ZH2741051036','MALLA ESTAMPADA TALLE 36',990.0,1000.0,500.0,1,18,3,0,800.0),
 (348,'ZH2942010838','MALLA ESTAMPADA TALLE 38',990.0,1000.0,500.0,1,18,3,0,800.0),
 (349,'ZH2741130430','MALLA ESTAMPADA TALLE 30',990.0,1000.0,500.0,1,18,3,0,800.0),
 (350,'CF28560321XXL','MUSCULOSA GRIS TALLE XXL',450.0,1000.0,500.0,1,19,4,0,800.0),
 (351,'ZH29560905XS','MUSCULOSA PLIV TALLE XS',450.0,1000.0,500.0,1,19,3,0,800.0),
 (352,'ZH29561002XL','MUSCULOSA SANCAP TALLE XL',450.0,1000.0,500.0,1,19,3,0,800.0),
 (353,'CF28560604L','MUSCULOSA TABLET TANK TALLE L',450.0,1000.0,500.0,1,19,4,0,800.0),
 (354,'ZH29560504S','MUSCULOSA BATIC TALLE S',450.0,1000.0,500.0,1,19,3,0,800.0),
 (355,'ZH29560202XXL','MUSCULOSA HECTRY TALLE XXL',450.0,1000.0,500.0,1,19,3,0,800.0),
 (356,'ZH29560808XL','MUSCULOSA MILCO TALLE XL',450.0,1000.0,500.0,1,19,3,0,800.0),
 (357,'CF28561006L','MUSCULOSA CAMUFLADA TALLE L',450.0,1000.0,500.0,1,19,4,0,800.0),
 (358,'CF28561006M','MUSCULOSA CAMUFLADA TALLE M',450.0,1000.0,500.0,1,19,4,0,800.0),
 (359,'ZH29561001M','MUSCULOSA SANCAP BLANCA TALLE M',450.0,1000.0,500.0,1,19,3,0,800.0),
 (360,'ZH18720201L','CAMISA AIRTEEK TALLE L',1350.0,1000.0,500.0,1,20,3,0,800.0),
 (361,'ZH18720402M','CAMISA CIELRAT TALLE M',1350.0,1000.0,500.0,1,20,3,0,800.0),
 (362,'CF18720248L','CAMISA LONGER TALLE L',1350.0,1000.0,500.0,1,20,4,0,800.0),
 (363,'ZH17950602S','ROMPEVIENTO NEGRO TALLE S',1550.0,1000.0,500.0,2,21,3,0,800.0),
 (364,'ZH2932080234','BERMUDA JEAN CON ROTURA EMANGIR TALLE 34',1300.0,1000.0,500.0,1,22,3,0,800.0),
 (365,'ZH2731030034','BERMUDA JEAN CLAFOR TALLE 34',1300.0,1000.0,500.0,1,22,3,0,800.0),
 (366,'CF18720294L','CAMISA LONGER TALLE L',1350.0,1000.0,500.0,1,20,4,0,800.0),
 (367,'ZH18720510XXL','CAMISA MASIETO TALLE XXL',1350.0,1000.0,500.0,1,20,3,0,800.0),
 (368,'ZH2932030830','BERMUDA JEAN NIESTE TALLE 30',1300.0,1000.0,500.0,1,22,3,0,800.0),
 (369,'ZH2932047930','BERMUDA JEAN SILSAN TALLE 30',1300.0,1000.0,500.0,1,22,3,0,800.0),
 (370,'ZH2725000238','JOGER REIDIO NEGRO TALLE 38',1500.0,1000.0,500.0,1,23,3,0,800.0),
 (371,'CF2835030232','BERMUDA ALGODÓN MARBEL NEGRAS TALLE 32',950.0,1000.0,500.0,1,22,4,0,800.0),
 (372,'ZH2721170042','JEAN UNBUR TALLE 42',1400.0,1000.0,500.0,1,17,3,0,800.0),
 (373,'ZH1821080038','JEAN RUNEL TALLE 38',1300.0,1000.0,500.0,1,17,3,0,800.0),
 (374,'ZH2721150038','JEAN EDALER TALLE 38',1450.0,1000.0,500.0,1,17,3,0,800.0),
 (375,'CF1821080840','JEAN CALI TALLE 40',1450.0,1000.0,500.0,1,17,4,0,800.0),
 (376,'ZH1821030040','JEAN CRIMAN TALLE 40',1450.0,1000.0,500.0,1,17,3,0,800.0),
 (377,'ZH1821070036','JEAN PATROS TALLE 36',1400.0,1000.0,500.0,1,17,3,0,800.0),
 (378,'ZH2721150036','JEAN EDALER TALLE 36',1450.0,1000.0,500.0,1,17,3,0,800.0),
 (379,'ZH2622000436','PANTALON CORTE CHINO AZUL  TALLE 36',1400.0,1000.0,500.0,1,17,3,0,800.0),
 (380,'ZH2721160036','JEAN FLIYVIG TALLE 36',1450.0,1000.0,500.0,1,17,3,0,800.0),
 (381,'CF2821020436','JEAN HELSINKI TALLER 36',1450.0,1000.0,500.0,1,17,4,0,800.0),
 (382,'ZH2721140036','JEAN BRUDET TALLE 36',1250.0,1000.0,500.0,1,17,3,0,800.0),
 (383,'CF1821090434','JEAN SEWING TALLE 34',1490.0,1000.0,500.0,1,17,4,0,800.0),
 (384,'CF1821060034','JEAN SPARK TALLE 34',1450.0,1000.0,500.0,1,17,4,0,800.0),
 (385,'ZH1821090030','JEAN OZACA TALLE 30',1300.0,1000.0,500.0,1,17,3,0,800.0),
 (386,'CJ1821030214','JEAN KIDS TALLE 14',1200.0,1000.0,500.0,1,17,4,0,800.0),
 (387,'CF1821050230','JEAN VOSS TALLE 30',1390.0,1000.0,500.0,1,17,4,0,800.0),
 (388,'ZH2822100332','PANTALON DE VESTIR CORTE CHINO MARRON TALLE 32',1990.0,1000.0,500.0,2,17,3,0,800.0),
 (389,'CF1821040028','JEAN MAJUL TALLE 28',1300.0,1000.0,500.0,1,17,4,0,800.0),
 (390,'CF1825014830','JOGERT LOSTU NEGRO',1200.0,1000.0,500.0,1,23,4,0,800.0),
 (391,'ZH2721160030','JEAN FLIGVIG TALLE 30',1150.0,1000.0,500.0,2,17,3,0,800.0),
 (392,'ZH2622000230','PANTALON DE VESTIR CORTE CHINO NEGRO TALLE 30',1990.0,1000.0,500.0,2,17,3,0,800.0),
 (393,'ZH1821010030','JEAN ROTURA TALLE 30',1450.0,1000.0,500.0,1,17,3,0,800.0),
 (394,'ZH2721020028','JEAN SOLDAT TALLE 28',1300.0,1000.0,500.0,1,17,3,0,800.0),
 (395,'ZH1821040028','JEAN VERNICH TALLE 28',1300.0,1000.0,500.0,1,17,3,0,800.0),
 (396,'ZH2822100228','PANTALON DE VESTIR CORTE CHINO NEGRO TALLE 28',1990.0,1000.0,500.0,1,17,3,0,800.0),
 (397,'ZH2721180032','JEAN SUARET TALLE 32',1450.0,1000.0,500.0,1,17,3,0,800.0),
 (398,'ZH2822100232','PANTALON DE VESTIR CORTE CHINO NEGRO TALLE 32',1990.0,1000.0,500.0,3,17,3,0,800.0),
 (399,'ZH1821040034','JEAN VERNICH TALLE 34',1300.0,1000.0,500.0,1,17,3,0,800.0),
 (400,'ZH1821040036','JEAN VERNICH TALLE 36',1300.0,1000.0,500.0,1,17,3,0,800.0),
 (401,'ZH1821040038','JEAN VERNICH TALLE 38',1300.0,1000.0,500.0,1,17,3,0,800.0),
 (402,'ZH1821040040','JEAN VERNICH TALLE 40',1300.0,1000.0,500.0,3,17,3,0,800.0),
 (403,'ZH2822100330','PANTALON DE VESTIR CORTE CHINO MARRON TALLE 30',1990.0,1000.0,500.0,1,17,3,0,800.0),
 (404,'ZH2822100336','PANTALON DE VESTIR CORTE CHINO MARRON TALLE 36',1990.0,1000.0,500.0,1,17,3,0,800.0),
 (405,'ZH2822100338','PANTALON DE VESTIR CORTE CHINO MARRON TALLE 38',1990.0,1000.0,500.0,1,17,3,0,800.0),
 (406,'ZH2822100340','PANTALON DE VESTIR CORTE CHINO MARRON TALLE 40',1990.0,1000.0,500.0,1,17,3,0,800.0),
 (407,'ZH2822100342','PANTALON DE VESTIR CORTE CHINO MARRON TALLE 42',1990.0,1000.0,500.0,1,17,3,0,800.0),
 (408,'ZH1821090034','JEAN OZACA TALLE 34',1300.0,1000.0,500.0,1,17,3,0,800.0),
 (409,'ZH1821090036','JEAN OZACA TALLE 36',1300.0,1000.0,500.0,1,17,3,0,800.0),
 (410,'CF1821090442','JEAN SEWING TALLE 42',1490.0,1000.0,500.0,1,20,4,0,800.0),
 (411,'ZH2721140038','JEAN BRUDET TALLE 38',1250.0,1000.0,500.0,1,17,3,0,800.0),
 (412,'CF1821080842','JEAN CALI TALLE 42',1450.0,1000.0,500.0,1,17,4,0,800.0),
 (413,'ZH18720510L','CAMISA MASIETO TALLE L',1350.0,1000.0,500.0,1,20,3,0,800.0),
 (414,'ZH18720510XL','CAMISA MASIETO TALLE XL',1350.0,1000.0,500.0,1,20,3,0,800.0),
 (415,'CF18720294XL','CAMISA LONGER TALLE XL',1350.0,1000.0,500.0,1,20,4,0,800.0),
 (416,'ZH2725000232','JOGER REIDIO NEGRO TALLE 32',1500.0,1000.0,500.0,1,23,3,0,800.0),
 (417,'ZH2932047932','BERMUDA JEAN SILSAN TALLE 32',1300.0,1000.0,500.0,1,22,3,0,800.0),
 (418,'2048080','BLUSA PEUEN',600.0,1000.0,500.0,1,32,35,0,800.0),
 (419,'6960945404063','POLLERA DE VESTIR BLANCA',550.0,1000.0,500.0,1,49,12,0,800.0),
 (420,'2796491455808','POLLERA DE VESTIR NEGRA',450.0,1000.0,500.0,1,49,2,0,800.0),
 (421,'1350100003','POLLERA BORDADA',999.0,1000.0,500.0,1,49,13,0,800.0),
 (422,'5018843997888','POLLERA NEGRA CON TACHA',590.0,1000.0,500.0,1,49,2,0,800.0),
 (423,'6737628368468','POLLERA VERDE CON BOLSILLO',550.0,1000.0,500.0,1,49,2,0,800.0),
 (424,'3947096855473','POLLERA NEGRA FORRADA CON RAYAS',500.0,1000.0,500.0,1,49,2,0,800.0),
 (425,'9536593051507','POLLERA ENGOMADA NEGRA',450.0,1000.0,500.0,1,49,2,0,800.0),
 (426,'8268993439029','POLLERA ENGOMADA ROJA CON CIERRE',550.0,1000.0,500.0,1,49,2,0,800.0),
 (427,'9661404972228','POLLERA ROJA CON NEGRO',550.0,1000.0,500.0,1,49,2,0,800.0),
 (428,'1034572920502','POLLERA ENGOMADA ROJA CON VUELO',550.0,1000.0,500.0,1,49,2,0,800.0),
 (429,'5177707250016','POLLERA ENGOMADA ROSA',590.0,1000.0,500.0,1,49,2,0,800.0),
 (430,'9873444059092','POLLERA FLOREADA AZUL Y BLANCA',400.0,1000.0,500.0,1,49,2,0,800.0),
 (431,'4424872840681','SHORT NEGRO CON ELASTICO RAYADO',400.0,1000.0,500.0,1,51,2,0,800.0),
 (432,'REM.BS .16704.S.ROJ','MUSCULOSA BRETEL ROJA',450.0,1000.0,500.0,1,45,34,0,800.0),
 (433,'7076903045885','CORPIÑO SILICONADO',350.0,1000.0,500.0,1,39,2,0,800.0),
 (434,'4732640402598','CORPIÑO KISS',350.0,1000.0,500.0,2,39,10,0,800.0),
 (435,'1344725414742','MALLA ESTAMPADA TALLE S',650.0,1000.0,500.0,3,18,2,0,800.0),
 (436,'1151290549850','MALLA ESTAMPADA TALLE 5XL',650.0,1000.0,500.0,3,18,2,0,800.0),
 (437,'1381909712560','MALLA ESTAMPADA TALLE 4XL',650.0,1000.0,500.0,2,18,2,0,800.0),
 (438,'1520984248148','MALLA ESTAMPADA TALLE 2XL',650.0,1000.0,500.0,3,18,2,0,800.0),
 (439,'6549546870486','MALLA ESTAMPADA TALLE XL',650.0,1000.0,500.0,1,18,2,0,800.0),
 (440,'7962098698633','MALLA ESTAMPADA TALLE L',650.0,1000.0,500.0,2,18,2,0,800.0),
 (441,'3020127133815','MALLA ESTAMPADA TALLE 3XL',650.0,1000.0,500.0,2,18,2,0,800.0),
 (442,'4595412556802','CAPRI MODAL NEGRO',500.0,1000.0,500.0,3,36,2,0,800.0),
 (443,'6682132669221','SHORT DEPORTIVO',750.0,1000.0,500.0,6,51,26,0,800.0),
 (444,'5545034775531','MUSCULOSA CON REMERA TUL FLOREADO TALLE 1',800.0,1000.0,500.0,1,32,24,0,800.0),
 (445,'2116802144502','MUSCULOSA CON REMERA TUL FLOREADO TALLE 3',800.0,1000.0,500.0,1,32,24,0,800.0),
 (446,'2048980','MUSCULOSA NUBE ROSA',400.0,1000.0,500.0,1,45,35,0,800.0),
 (447,'4504219791033','BLUSA FUCHSIA MOÑO ADELANTE',500.0,1000.0,500.0,1,32,2,0,800.0),
 (448,'2415437711869','BLUSA FUCHSIA CON VOLADO',500.0,1000.0,500.0,1,32,2,0,800.0),
 (449,'2705941081986','SHORT DEPORTIVO',400.0,1000.0,500.0,4,51,2,0,800.0),
 (450,'8972998381800','SHORT JEAN BLANCO',650.0,1000.0,500.0,6,51,2,0,800.0),
 (451,'4194947707392','SHORT JEAN BLANCO',700.0,1000.0,500.0,6,51,12,0,800.0),
 (452,'2867544917571','SHORT JEAN CAMUFLADO',700.0,1000.0,500.0,2,51,12,0,800.0),
 (453,'3831043036834','SHORT JEAN NEGRO',700.0,1000.0,500.0,2,51,12,0,800.0),
 (454,'9348315250491','SHORT JEAN ECONOMICO',550.0,1000.0,500.0,1,51,2,0,800.0),
 (455,'6709475401773','SHORT JEAN NEGRO',600.0,1000.0,500.0,2,51,46,0,800.0),
 (456,'5662655373608','SHORT JEAN CELESTE',800.0,1000.0,500.0,5,51,24,0,800.0),
 (457,'3722022382533','SHORT JEAN CELESTE',650.0,1000.0,500.0,2,51,46,0,800.0),
 (458,'7526257970673','SHORT JEAN CELESTE BORDADO',700.0,1000.0,500.0,1,51,43,0,800.0),
 (459,'5241798207676','SHORT FIBRANA ESTAMPADO',400.0,1000.0,500.0,10,51,2,0,800.0),
 (460,'4247882613492','SHORT JEAN CON PARCHES',550.0,1000.0,500.0,1,51,2,0,800.0),
 (461,'4084507107758','SHORT CRISANTA CON ROTURA',550.0,1000.0,500.0,1,51,24,0,800.0),
 (462,'1417450375036','SHORT GABARDINA BEIGE',550.0,1000.0,500.0,1,51,2,0,800.0),
 (463,'2632380212292','SHORT RAYADO ELASTIZADO CON LAZO',700.0,1000.0,500.0,2,51,2,0,800.0),
 (464,'4085259131749','SHORT RAYADO CON LAZO',500.0,1000.0,500.0,7,51,2,0,800.0),
 (465,'6903574944135','BAHIANO DE FIBRANA ESTAMPADOS Y LISOS',590.0,1000.0,500.0,9,51,2,0,800.0),
 (466,'1306986598715','BAHIANO RAYADO',850.0,1000.0,500.0,1,57,2,0,800.0),
 (467,'6873890523942','BERMUDA GABARDINA CARGO GRIS TALLE 52',1200.0,1000.0,500.0,1,22,32,0,800.0),
 (468,'8736718316226','BERMUDA GABARDINA CARGO CRUDO TALLE 52',1200.0,1000.0,500.0,1,22,32,0,800.0),
 (469,'2004042195777','BERMUDA GABARDINA CARGO VERDE TALLE 56',1200.0,1000.0,500.0,1,22,32,0,800.0),
 (470,'1632231687065','BERMUDA GABARDINA CARGO VERDE TALLE 52',1200.0,1000.0,500.0,1,22,32,0,800.0),
 (471,'8539759273318','BERMUDA GABARDINA CARGO VERDE OSCURO TALLE 56',1200.0,1000.0,500.0,1,22,32,0,800.0),
 (472,'9208360164368','BERMUDA GABARDINA CARGO VERDE SECO TALLE 40',1200.0,1000.0,500.0,1,22,32,0,800.0),
 (473,'1368161600651','BERMUDA GABARDINA CARGO VERDE MILITAR TALLE 36',1200.0,1000.0,500.0,1,22,32,0,800.0),
 (474,'3753452143067','BERMUDA GABARDINA ELASTIZADA NEGRA TALLE 32',1100.0,1000.0,500.0,1,22,32,0,800.0),
 (475,'7302406720463','BERMUDA GABARDINA CARGO BEIGE TALLE 36',1200.0,1000.0,500.0,3,22,32,0,800.0),
 (476,'7811924465645','BERMUDA ROJA ALGODÓN TALLE 28',450.0,1000.0,500.0,1,22,2,0,800.0),
 (477,'1950354000005','BERMUDA GABARDINA COMUN TALLE 36 ROJO',800.0,1000.0,500.0,1,22,48,0,800.0),
 (478,'7313106213513','BERMUDA GABARDINA CELESTE TALLE S',800.0,1000.0,500.0,1,22,6,0,800.0),
 (479,'5660209060172','BERMUDA GABARDINA CELESTE MATIZADA TALLE 38',800.0,1000.0,500.0,1,22,32,0,800.0),
 (480,'6608741972484','BERMUDA JEAN AZUL TALLE 32',800.0,1000.0,500.0,1,22,2,0,800.0),
 (481,'6526049982519','BERMUDA JEAN AZUL TALLE 30',800.0,1000.0,500.0,1,22,2,0,800.0),
 (482,'2732004987886','BERMUDA JEAN AZUL GASTADA TALLE 32',800.0,1000.0,500.0,1,22,49,0,800.0),
 (483,'1885987980021','BERMUDA JEAN AZUL OSCURO TALLE 38',800.0,1000.0,500.0,1,22,2,0,800.0),
 (484,'3269476590454','BERMUDA GABARDINA ELASTIZADA AZUL TALLE 32',1100.0,1000.0,500.0,1,22,32,0,800.0),
 (485,'4472012875628','SHORT DE BENGALINA NEGRO',490.0,1000.0,500.0,2,51,2,0,800.0),
 (486,'3247129435277','SHORT DE BENGALINA ROJO',490.0,1000.0,500.0,1,51,2,0,800.0),
 (487,'9354324942104','SHORT DE VESTIR BLANCO BENGALINA',600.0,1000.0,500.0,1,51,2,0,800.0),
 (488,'2977926932662','SHORT DE VESTIR BLANCO',350.0,1000.0,500.0,1,51,27,0,800.0),
 (489,'5793694809633','SHORT DE BENGALINA BLANCO',490.0,1000.0,500.0,1,51,2,0,800.0),
 (490,'4664106670831','SHORT NEGRO ENGOMADO',400.0,1000.0,500.0,1,51,13,0,800.0),
 (491,'4403381908839','SHORT ROJO ENGOMADO',400.0,1000.0,500.0,1,51,2,0,800.0),
 (492,'9327858448268','SHORT RAYADO CELESTE',400.0,1000.0,500.0,1,51,2,0,800.0),
 (493,'8432178805187','POLLERA JEAN CELESTE CLARO TALLE 38',750.0,1000.0,500.0,1,49,20,0,800.0),
 (494,'6506312290749','POLLERA JEAN CELESTE TALLE 42',750.0,1000.0,500.0,1,49,20,0,800.0),
 (495,'5573077116226','POLLERA JEAN CELESTE CON PARCHE TALLE 36',750.0,1000.0,500.0,1,49,37,0,800.0),
 (496,'5440405781824','POLLERA JEAN AZUL OSCURA TALLE 40',750.0,1000.0,500.0,1,49,46,0,800.0),
 (497,'3611970066537','POLLERA JEAN NEGRA TALLE 42',750.0,1000.0,500.0,1,49,46,0,800.0),
 (498,'6956441918357','POLLERA JEAN NEGRA TALLE 40',750.0,1000.0,500.0,1,49,46,0,800.0),
 (499,'9325953836119','POLLERA JEAN GRIS CON FRANJA TALLE 42',750.0,1000.0,500.0,1,49,50,0,800.0),
 (500,'9114759991760','POLLERA CAMUFLADA',750.0,1000.0,500.0,1,49,20,0,800.0),
 (501,'8613232205239','POLLERA JEAN BLANCA TALLE 2',650.0,1000.0,500.0,1,49,12,0,800.0),
 (502,'3020343177433','POLLERA JEAN CELESTE BORDADA',750.0,1000.0,500.0,1,49,51,0,800.0),
 (503,'3130786670641','REMERA ESTAMPADA Y LISA AZUL',450.0,1000.0,500.0,1,10,26,0,800.0),
 (504,'7086067876843','PESCADORES DEPORTIVOS NEGRO CON FRANJA GRIS',650.0,1000.0,500.0,1,48,52,0,800.0),
 (505,'4010651842351','PESCADORES DEPORTIVOS NEGRO CON FRANJA AZUL',650.0,1000.0,500.0,1,48,26,0,800.0),
 (506,'5239938427152','PESCADORES DEPORTIVOS ESTAMPADO TALLE M',850.0,1000.0,500.0,1,48,26,0,800.0),
 (507,'2669151305600','PESCADORES DEPORTIVOS ESTAMPADO PRETINA ANCHA TALL',850.0,1000.0,500.0,1,48,26,0,800.0),
 (508,'9043374640169','PESCADORES DEPORTIVOS ESTAMPADO TALLE L',850.0,1000.0,500.0,1,48,26,0,800.0),
 (509,'3162724743643','PESCADOR NIKE NEGRO TALLE 4',650.0,1000.0,500.0,1,48,53,0,800.0),
 (510,'1248876024488','PESCADOR ESTAMPADO NARANJA FUERTE',650.0,1000.0,500.0,1,48,54,0,800.0),
 (511,'3318587504659','PESCADOR ESTAMPADO NARANJA CLARO',650.0,1000.0,500.0,1,48,55,0,800.0),
 (512,'3424207500632','MUSCULOSA ESTAMPADA CON TOP',690.0,1000.0,500.0,1,37,26,0,800.0),
 (513,'7087359237144','MUSCULOSA ESTAMPADA TALLE M',570.0,1000.0,500.0,1,45,26,0,800.0),
 (514,'5117541691514','MUSCULOSA ESTAMPADA TALLE XL',570.0,1000.0,500.0,1,45,26,0,800.0),
 (515,'2178665100842','SUDADERA ESTAMPADA',690.0,1000.0,500.0,1,58,26,0,800.0),
 (516,'3997788397699','REMERA ESTAMPADA Y LISA VERDE',450.0,1000.0,500.0,1,1,26,0,800.0),
 (517,'5354184183222','REMERA ESTAMPADA TALLE M',550.0,1000.0,500.0,1,10,26,0,800.0),
 (518,'6546302409676','MALLA ENTERIZA',1300.0,1000.0,500.0,4,42,22,0,800.0),
 (519,'6111276915180','MUSCULOSA ROSA',400.0,1000.0,500.0,1,45,6,0,800.0),
 (520,'3125540264051','MUSCULOSA GRIS',400.0,1000.0,500.0,1,45,6,0,800.0),
 (521,'9174063080079','PIJAMA GAMMA',750.0,1000.0,500.0,1,59,2,0,800.0),
 (522,'3201454071746','TOP DEPORTIVO TALLE XL',490.0,1000.0,500.0,1,24,26,0,800.0),
 (523,'2701835548795','TOP DEPORTIVO TALLE L',490.0,1000.0,500.0,1,24,26,0,800.0),
 (524,'4961789569521','TOP DEPORTIVO TALLE L MARRON',490.0,1000.0,500.0,1,24,26,0,800.0),
 (525,'1892130736602','SUDADERA GRIS',500.0,1000.0,500.0,1,58,13,0,800.0),
 (526,'4976771540242','SUDADERA ROJA',500.0,1000.0,500.0,1,58,13,0,800.0),
 (527,'5221849683000','REMERA DE ALGODÓN SURTIDA CORTA',300.0,1000.0,500.0,10,10,2,0,800.0),
 (528,'6179652299705','REMERA DE ALGODÓN GAMMA SURTIDA',400.0,1000.0,500.0,8,10,2,0,800.0),
 (529,'9650249896929','MUSCULOSA ROJA',280.0,1000.0,500.0,1,45,2,0,800.0),
 (530,'PRENDAPROMO','PRENDAS PROMO',250.0,1000.0,500.0,9,53,41,0,800.0),
 (531,'4436054746902','REMERA VERDE',450.0,1000.0,500.0,1,10,13,0,800.0),
 (532,'2533719962287','REMERA MANGAS LARGAS',450.0,1000.0,500.0,1,10,28,0,800.0),
 (533,'5486705588718','REMERA ROJA ESCOTE ATRÁS',450.0,1000.0,500.0,1,10,2,0,800.0),
 (534,'4807424819913','PESCADORES DEPORTIVOS TALLE L',850.0,1000.0,500.0,1,48,26,0,800.0),
 (535,'5267109133984','REMERA DE ALGODÓN ABIERTA ATRÁS CON LAZO',450.0,1000.0,500.0,1,10,2,0,800.0),
 (536,'6598050338210','REMERA DE ALGODÓN ABIERTA ATRÁS LILA',450.0,1000.0,500.0,1,10,2,0,800.0),
 (537,'9286558047709','SACO DE FIESTA TORERITA BLANCA',1200.0,1000.0,500.0,1,60,24,0,800.0),
 (538,'6850170435102','TORERITA BLANCA',1450.0,1000.0,500.0,1,60,24,0,800.0),
 (539,'9118975091426','CAMPERA JEAN SALMON',1200.0,1000.0,500.0,1,38,13,0,800.0),
 (540,'1039280','SACO VARIOS COLORES',1250.0,1000.0,500.0,4,50,18,0,800.0),
 (541,'7485951990076','CAMPERA PILOTIN BEIGE',1200.0,1000.0,500.0,1,38,2,0,800.0),
 (542,'5706350357140','TORERITA ROSA',550.0,1000.0,500.0,1,60,2,0,800.0),
 (543,'4202897635594','BLAZER  NEGRO',990.0,1000.0,500.0,1,30,29,0,800.0),
 (544,'9075409298137','PANTALON ENGOMADO BORDO TALLE S',950.0,1000.0,500.0,1,47,24,0,800.0),
 (545,'4731419055430','PANTALON ENGOMADO NEGRO TALLE L',950.0,1000.0,500.0,1,47,24,0,800.0),
 (546,'5409149102456','PANTALON ENGOMADO NEGRO CON RAYAS TALLE 40',950.0,1000.0,500.0,1,47,18,0,800.0),
 (547,'1038440','PANTALON ENGOMADO NEGRO CON RAYAS TALLE 38',950.0,1000.0,500.0,1,47,18,0,800.0),
 (548,'5618470868607','PANTALON PRINCIPE DE GALA',750.0,1000.0,500.0,1,47,2,0,800.0),
 (549,'7136465834126','CALZA NEGRA CON TIRAS BLANCAS',750.0,1000.0,500.0,1,34,2,0,800.0),
 (550,'5047241461554','PANTALON DE BENGALINA NEGRO CON LAZO',850.0,1000.0,500.0,1,47,2,0,800.0),
 (551,'1730508402653','PANTALON DE CREEP OXFORD ROJO',850.0,1000.0,500.0,1,47,2,0,800.0),
 (552,'1457941564655','PANTALON DE CREEP OXFORD ROSA',850.0,1000.0,500.0,1,47,2,0,800.0),
 (553,'7746523722601','PANTALON DE CREEP OXFORD NEGRO TALLE 5',850.0,1000.0,500.0,1,47,2,0,800.0),
 (554,'9960176889674','PANTALON DE CREEP OXFORD NEGRO TALLE 4',850.0,1000.0,500.0,1,47,2,0,800.0),
 (555,'2009568160285','CALZA NEGRA DE VESTIR CIERRE EN LOS COSTADOS',750.0,1000.0,500.0,1,34,2,0,800.0),
 (556,'1578166896038','PANTALON DE VESTIR NEGRO TALLE 46',900.0,1000.0,500.0,1,47,2,0,800.0),
 (557,'7382479736714','PANTALON DE VESTIR NEGRO TALLE 44',900.0,1000.0,500.0,1,47,2,0,800.0),
 (558,'9895166023380','PANTALON DE VESTIR AZUL TALLE 44',900.0,1000.0,500.0,1,47,2,0,800.0),
 (559,'6628604575607','PANTALON DE VESTIR CORTE CHINO NEGRO TALLE M',850.0,1000.0,500.0,1,47,2,0,800.0),
 (560,'9848031893540','PANTALON DE VESTIR CORTE CHINO NEGRO TALLE L',850.0,1000.0,500.0,1,47,2,0,800.0),
 (561,'9485434470543','PANTALON DE VESTIR NEGRO VUELO EN LOS BOLSILLOS',890.0,1000.0,500.0,1,47,2,0,800.0),
 (562,'4686832936906','PANTALON DE VESTIR CORTE CHINO NEGRO TALLE XL',850.0,1000.0,500.0,1,47,2,0,800.0),
 (563,'1543823642884','BILLETERA NEGRA PINES',420.0,1000.0,500.0,1,12,2,0,800.0),
 (564,'4844989302481','BILLETERA DE CORAZON BRILLO',400.0,1000.0,500.0,0,12,2,0,800.0),
 (565,'1967580937357','JEAN NEGRO 48',600.0,1000.0,500.0,1,40,39,0,800.0),
 (566,'5021622867975','JEAN DAMA CELESTE 44',1160.0,1000.0,500.0,1,40,24,0,800.0),
 (567,'3100389902159','JEAN GASTADO AZULADO 42',1100.0,1000.0,500.0,1,40,24,0,800.0),
 (568,'6292617836316','JEAN GASTADO AZUL 32',800.0,1000.0,500.0,1,40,13,0,800.0),
 (569,'2511306204798','JEAN AZUL FRANJA BORDO 42',800.0,1000.0,500.0,1,40,12,0,800.0),
 (570,'3058395585036','JEAN CELESTE FRANJA VERDE 42',850.0,1000.0,500.0,1,40,20,0,800.0),
 (571,'4010729280047','JEAN BRETINA ANCHA 32',850.0,1000.0,500.0,1,40,24,0,800.0),
 (572,'3094503842981','JEAN CELESTE GASTADO 32',1160.0,1000.0,500.0,1,40,24,0,800.0),
 (573,'2854381609905','JEAN AMARILLO 40',500.0,1000.0,500.0,1,40,6,0,800.0),
 (574,'3648945928125','JEAN GASTADO 28',800.0,1000.0,500.0,1,40,13,0,800.0),
 (575,'5646814565356','JEAN GASTADO 29',800.0,1000.0,500.0,1,40,13,0,800.0),
 (576,'5328624986285','JEAN AZUL 40',1100.0,1000.0,500.0,1,40,24,0,800.0),
 (577,'2667787113293','JEAN CELESTE FRANJA AZUL 40',1100.0,1000.0,500.0,1,40,24,0,800.0),
 (578,'3513715194331','JEAN CELESTE CON FRANJA AZUL 28',1100.0,1000.0,500.0,1,40,24,0,800.0),
 (579,'9098067361456','JEAN AZUL FRANJA VERDE 40',850.0,1000.0,500.0,1,40,20,0,800.0),
 (580,'3751374564038','JEAN AZUL GASTADO T 28',1100.0,1000.0,500.0,1,40,16,0,800.0),
 (581,'4436856025113','JEAN CELESTE GASTADO 28',1160.0,1000.0,500.0,1,40,24,0,800.0),
 (582,'1328883055795','PANTALON BLANCO 28',990.0,1000.0,500.0,1,40,24,0,800.0),
 (583,'2824771839557','PANTALON BLANCO 28',990.0,1000.0,500.0,1,40,24,0,800.0),
 (584,'9854408165219','PANTALON BLANCO 28',800.0,1000.0,500.0,1,40,20,0,800.0),
 (585,'6953015962167','JEAN CELESTE CON ROTURAS 26',1200.0,1000.0,500.0,1,40,24,0,800.0),
 (586,'4079909660031','JEAN CELESTE GASTADO 26',1160.0,1000.0,500.0,1,40,24,0,800.0),
 (587,'6377377101864','JEAN CELESTE GASTADO 26',1100.0,1000.0,500.0,1,40,24,0,800.0),
 (588,'1707347097456','JEAN BORDADO 26',1070.0,1000.0,500.0,1,40,18,0,800.0),
 (589,'8523051615532','PANTALON NEGRO 26',800.0,1000.0,500.0,1,40,20,0,800.0),
 (590,'4417761390169','JEAN NEGRO 26',800.0,1000.0,500.0,1,40,13,0,800.0),
 (591,'8274426531475','JEAN NEGRO 29',800.0,1000.0,500.0,1,40,13,0,800.0),
 (592,'501121722538','JEAN  NUVE 38',500.0,1000.0,500.0,1,40,6,0,800.0),
 (593,'8691835757539','JEAN AZUL 28',850.0,1000.0,500.0,1,40,24,0,800.0),
 (594,'8451014052387','JEAN NEGRO 24',980.0,1000.0,500.0,1,40,24,0,800.0),
 (595,'9796196911794','JEAN NEGRO 24',980.0,1000.0,500.0,1,40,24,0,800.0),
 (596,'3302243105199','JEAN AZUL BORDADO BOLSILLO 24',990.0,1000.0,500.0,1,40,24,0,800.0),
 (597,'1262461436524','JEAN AZUL GASTADO 22',1100.0,1000.0,500.0,1,40,24,0,800.0),
 (598,'4545569782647','JEAN NEGRO GASTADO 24',800.0,1000.0,500.0,1,40,2,0,800.0),
 (599,'8757502664897','JEAN CELESTE 24',1100.0,1000.0,500.0,1,40,24,0,800.0),
 (600,'4944566797454','JEAN CON APLIQUES 24',990.0,1000.0,500.0,1,40,37,0,800.0),
 (601,'6214155075446','JEAN CELESTE CON PRETINA 24',850.0,1000.0,500.0,1,40,24,0,800.0),
 (602,'8657106252226','JEAN CELESTE GASTADO 24',1160.0,1000.0,500.0,1,40,24,0,800.0),
 (603,'1390293465532','JEAN CELESTE GASTADO 24',800.0,1000.0,500.0,1,40,13,0,800.0),
 (604,'5100209785823','JEAN CELESTE GASTADO 26',990.0,1000.0,500.0,1,40,13,0,800.0),
 (605,'5253341012897','JEAN CELESTE GASTADO 22',1100.0,1000.0,500.0,1,40,24,0,800.0),
 (606,'8627849549884','JEAN CELESTE CONFRANJA AZUL 26',1100.0,1000.0,500.0,1,40,24,0,800.0),
 (607,'8339505917271','PANTALON BLANCO CON ROTURAS 26',800.0,1000.0,500.0,1,40,6,0,800.0),
 (608,'8296980010906','PANTALON BLACO 26',800.0,1000.0,500.0,1,40,20,0,800.0),
 (609,'9035568403759','CANCAN DE RED',350.0,1000.0,500.0,2,61,23,0,800.0),
 (610,'8998622001760','CANCAN NEGRO',140.0,1000.0,500.0,5,61,23,0,800.0),
 (611,'4082441793310','CANCAN BEIGE',150.0,1000.0,500.0,11,61,23,0,800.0),
 (612,'7793617868288','MEDIAS DE SEDA BEIGE',110.0,1000.0,500.0,3,43,23,0,800.0),
 (613,'7793617868240','MEDIAS DE SEDA NEGRA',110.0,1000.0,500.0,7,43,23,0,800.0),
 (614,'2634927132162','BOMBACHA COLA LESS',100.0,1000.0,500.0,10,33,2,0,800.0),
 (615,'9587132070145','MEDIAS DE MUJER',90.0,1000.0,500.0,10,43,38,0,800.0),
 (616,'7291223839628','SOQUETES MUJER',90.0,1000.0,500.0,3,52,38,0,800.0),
 (617,'6528350847846','SLIP TALLE 3',180.0,1000.0,500.0,6,5,5,0,800.0),
 (618,'2932538635257','SLIP TALLE 4',180.0,1000.0,500.0,1,5,5,0,800.0),
 (619,'5837714676833','SLIP TALLE 6',180.0,1000.0,500.0,3,5,5,0,800.0),
 (620,'ZH2822100236','PANTALON DE VESTIR NEGRO TALLE 36',1990.0,1000.0,500.0,1,17,3,0,800.0),
 (621,'9433114857788','SHORT RAYADO ELASTIZADO CON LAZO',700.0,1000.0,500.0,2,51,2,0,800.0),
 (622,'7732638106184','BLUSA RAYADA',650.0,1000.0,500.0,1,32,2,0,800.0),
 (623,'8758532761181','VESTIDO CORTO RAYADO MORLEY GRIS Y CELESTE',540.0,1000.0,500.0,1,26,2,0,800.0),
 (624,'9153813197960','BLUSA BLANCA CON BRODERY',600.0,1000.0,500.0,1,32,2,0,800.0),
 (625,'6298187508080','VESTIDO NEGRO BORDADO',850.0,1000.0,500.0,1,26,2,0,800.0),
 (626,'6763572383684','PANTALON NEGRO ENGOMADO CON TIRAS',850.0,1000.0,500.0,1,47,2,0,800.0),
 (627,'5751025793525','BLUSA ROJA SIN MANGA CON VUELO',520.0,1000.0,500.0,1,32,2,0,800.0),
 (628,'5838437222055','POLLERA BLANCA BENGALINA',650.0,1000.0,500.0,1,49,12,0,800.0),
 (629,'6897046518606','CONJUNTO PANTALON Y TOP DE FIBRANA RAYADO',750.0,1000.0,500.0,1,37,14,0,800.0),
 (630,'3563324617707','CICLISTA LILA',530.0,1000.0,500.0,1,34,26,0,800.0),
 (631,'5102016427132','SHORT DEPORTIVO VIOLETA',460.0,1000.0,500.0,1,51,26,0,800.0),
 (632,'8017827675191','PANTALON DE VESTIR BENGALINA CON VUELO',890.0,1000.0,500.0,1,47,2,0,800.0),
 (633,'2101660348063','BLUSA BORDADA EN ESPALDA NEGRA',790.0,1000.0,500.0,1,32,2,0,800.0),
 (634,'5290290480421','PAÑUELO DAMA',200.0,1000.0,500.0,4,27,2,0,800.0),
 (635,'6622497485425','CHOCKE NEGRO CON PIEDRAS',150.0,1000.0,500.0,2,27,2,0,800.0),
 (636,'4741928109920','BRAZALETE',250.0,1000.0,500.0,1,27,2,0,800.0),
 (637,'2310832452693','PECHERA',300.0,1000.0,500.0,4,27,2,0,800.0),
 (638,'7198142475657','COLLAR COMUN',250.0,1000.0,500.0,3,27,2,0,800.0),
 (639,'2634903462238','COLLAR FLECO NEGRO',250.0,1000.0,500.0,1,27,2,0,800.0),
 (640,'7898165324351','CAMISERO',200.0,1000.0,500.0,1,27,2,0,800.0),
 (641,'ZH09120608U','MOCHILA VERDE CON BUOS',1550.0,1000.0,500.0,1,16,3,0,800.0),
 (642,'ZH07120417U','MOCHILA CAMUFLADA GRIS',1700.0,1000.0,500.0,1,16,3,0,800.0),
 (643,'ZH2822100334','PANTALON CORTE CHINO TALLE 34',1990.0,1000.0,500.0,1,17,3,0,800.0),
 (644,'ZH1821030032','PANTALON JEAN CRIMAN TALLE 32',1450.0,1000.0,500.0,1,17,3,0,800.0),
 (645,'ZH2822100234','PANTALON CHINO NEGRO TALLE 34',1990.0,1000.0,500.0,1,17,3,0,800.0),
 (646,'ZH2822100230','PANTALON CHINO NEGRO TALLE 30',1990.0,1000.0,500.0,1,17,3,0,800.0),
 (647,'ZH2822100240','PANTALON CHINO NEGRO TALLE 40',1990.0,1000.0,500.0,1,17,3,0,800.0),
 (648,'ZH2822100242','PANTALON CHINO NEGRO TALLE 42',1990.0,1000.0,500.0,1,17,3,0,800.0),
 (649,'ZH2721160038','PANTALON JEAN FLYVIG TALLE 38',1450.0,1000.0,500.0,1,17,3,0,800.0),
 (650,'4322496597052','PANTALON CHINO MARRON TALLE 40',1990.0,1000.0,500.0,1,17,3,0,800.0),
 (651,'5462992474767','CINTO CADENA',300.0,1000.0,500.0,2,27,2,0,800.0);
COMMIT;
